"Symbol","Date","Open","High","Low","Close","Percent Change","Volume","Turn Over"
"NABIL","2026-03-03","508.9","508.9","497","504","1.00 %","53,465.00","26,848,394.60"
"NABIL","2026-03-01","497.9","500","494","499","0.22 %","58,125.00","28,963,339.10"
"NABIL","2026-02-26","498","499","496.5","497.9","0.38 %","32,698.00","16,267,191.00"
"NABIL","2026-02-25","497","499","495","496","0.00 %","30,849.00","15,328,310.30"
"NABIL","2026-02-24","496","497.9","495","496","0.12 %","33,305.00","16,521,094.80"
"NABIL","2026-02-23","494.5","498.6","493","495.4","0.08 %","57,825.00","28,657,902.80"
"NABIL","2026-02-22","497.8","497.8","490","495","-0.40 %","43,286.00","21,371,862.20"
"NABIL","2026-02-17","495","498.5","492","497","-0.18 %","90,768.00","44,975,581.70"
"NABIL","2026-02-16","498.7","498.8","493","497.9","0.59 %","82,231.00","40,828,153.50"
"NABIL","2026-02-12","495","498.7","492.5","495","-0.20 %","83,293.00","41,246,451.30"
"NABIL","2026-02-11","500","500","495","496","-0.08 %","42,061.00","20,905,981.10"
"NABIL","2026-02-10","496","499.8","492.1","496.4","0.10 %","63,267.00","31,386,145.50"
"NABIL","2026-02-09","499","499","494","495.9","-0.52 %","68,038.00","33,764,079.00"
"NABIL","2026-02-08","497.3","500.9","497","498.5","-0.16 %","75,640.00","37,753,491.40"
"NABIL","2026-02-05","499.9","501","496.5","499.3","0.65 %","98,644.00","49,234,318.50"
"NABIL","2026-02-04","489","502","489","496.1","-0.38 %","49,627.00","24,731,834.80"
"NABIL","2026-02-03","500","500","496","498","-0.16 %","78,804.00","39,301,639.40"
"NABIL","2026-02-02","488.2","500","488.2","498.8","0.14 %","61,083.00","30,416,105.60"
"NABIL","2026-02-01","500","506","497","498.1","0.22 %","84,076.00","41,889,487.50"
"NABIL","2026-01-29","500","508","493","497","1.02 %","132,087.00","65,706,865.40"
"NABIL","2026-01-28","492.1","495","490.1","492","-0.59 %","48,841.00","24,022,794.90"
"NABIL","2026-01-27","497","500","492.1","494.9","-0.42 %","72,291.00","35,899,477.50"
"NABIL","2026-01-26","501","504","496","497","-0.04 %","109,372.00","54,595,184.20"
"NABIL","2026-01-25","496.9","499","492","497.2","0.83 %","104,063.00","51,522,824.20"
"NABIL","2026-01-22","498","498","492.3","493.1","-0.60 %","63,230.00","31,254,327.70"
"NABIL","2026-01-21","502","504","493","496.1","-0.08 %","44,079.00","21,895,053.70"
"NABIL","2026-01-20","490.8","500","490.8","496.5","1.16 %","72,522.00","36,046,488.10"
"NABIL","2026-01-18","488","492","487.7","490.8","0.68 %","71,435.00","34,993,592.40"
"NABIL","2026-01-14","490","490","487","487.5","-0.12 %","44,542.00","21,754,316.30"
"NABIL","2026-01-13","496","496","485","488.1","0.23 %","60,812.00","29,667,983.90"
"NABIL","2026-01-12","490","495","487","487","-0.41 %","40,413.00","19,756,468.00"
"NABIL","2026-01-08","492","492","486.5","489","0.00 %","35,678.00","17,440,255.30"
"NABIL","2026-01-07","493","493.9","489","489","-0.10 %","38,590.00","18,897,060.90"
"NABIL","2026-01-06","490","492","489","489.5","0.00 %","47,593.00","23,337,901.10"
"NABIL","2026-01-05","492","492","488.1","489.5","-0.16 %","57,630.00","28,212,967.30"
"NABIL","2026-01-04","491.5","495","488.1","490.3","-0.35 %","44,294.00","21,764,273.60"
"NABIL","2026-01-01","495","496","490","492","-0.95 %","35,796.00","17,621,654.70"
"NABIL","2025-12-31","500","502","494.7","496.7","-1.93 %","65,111.00","32,322,187.30"
"NABIL","2025-12-29","508","508.9","500","506.5","0.62 %","78,664.00","39,714,119.50"
"NABIL","2025-12-28","499","504","496","503.4","0.96 %","61,455.00","30,743,662.30"
"NABIL","2025-12-24","498.5","500","496.1","498.6","0.28 %","40,096.00","19,950,202.30"
"NABIL","2025-12-23","499","502","496.5","497.2","0.02 %","33,607.00","16,728,796.70"
"NABIL","2025-12-22","500","500","492","497.1","0.02 %","36,711.00","18,260,463.00"
"NABIL","2025-12-21","500","504.4","493","497","-0.40 %","24,230.00","12,035,693.70"
"NABIL","2025-12-18","500","504","495.1","499","-0.18 %","39,506.00","19,630,075.10"
"NABIL","2025-12-17","503","505","497","499.9","0.18 %","44,903.00","22,470,657.40"
"NABIL","2025-12-16","494","500","494","499","1.01 %","30,522.00","15,190,235.70"
"NABIL","2025-12-15","492","495","489","494","0.41 %","36,245.00","17,841,282.70"
"NABIL","2025-12-14","500","500","490","492","-0.61 %","78,979.00","38,805,203.60"
"NABIL","2025-12-11","492.2","497.5","492","495","0.06 %","37,306.00","18,444,209.70"
"NABIL","2025-12-10","500","500","493","494.7","-0.26 %","29,665.00","14,662,013.90"
"NABIL","2025-12-09","500","500","491.1","496","0.20 %","55,413.00","27,362,965.00"
"NABIL","2025-12-08","503","503","495","495","-1.59 %","81,912.00","40,826,003.00"
"NABIL","2025-12-07","502","510","502","503","-1.41 %","88,964.00","44,873,341.00"
"NABIL","2025-12-03","515","515","510","510.2","-0.45 %","25,319.00","12,928,141.90"
"NABIL","2025-12-02","512","516.8","510","512.5","0.10 %","39,306.00","20,173,367.40"
"NABIL","2025-12-01","519.4","519.4","510.5","512","-0.23 %","21,944.00","11,231,680.40"
"NABIL","2025-11-30","518","522","513","513.2","-0.33 %","40,956.00","21,135,249.60"
"NABIL","2025-11-27","511","517","509","514.9","0.76 %","50,106.00","25,732,377.40"
"NABIL","2025-11-26","510","513","507","511","0.10 %","35,156.00","17,950,129.50"
"NABIL","2025-11-25","518","518","508.5","510.5","-0.49 %","29,221.00","14,914,041.20"
"NABIL","2025-11-24","508","513.9","507","513","0.69 %","22,139.00","11,338,962.70"
"NABIL","2025-11-23","505","510.5","505","509.5","0.69 %","48,408.00","24,607,528.20"
"NABIL","2025-11-20","508","508","503","506","-0.20 %","27,947.00","14,102,498.50"
"NABIL","2025-11-19","511","511","505","507","-0.02 %","18,121.00","9,178,167.30"
"NABIL","2025-11-18","508","510","505.6","507.1","-0.18 %","24,383.00","12,391,665.50"
"NABIL","2025-11-17","504","509.9","504","508","0.89 %","24,130.00","12,232,442.70"
"NABIL","2025-11-16","503","506.9","501","503.5","0.10 %","31,462.00","15,877,157.70"
"NABIL","2025-11-13","505.1","505.1","502","503","-0.20 %","32,775.00","16,502,822.20"
"NABIL","2025-11-12","508","508.9","504","504","-0.77 %","29,577.00","14,939,381.30"
"NABIL","2025-11-11","510","510","505.3","507.9","-0.22 %","21,898.00","11,118,916.70"
"NABIL","2025-11-10","509","510","506","509","0.10 %","49,391.00","25,118,841.20"
"NABIL","2025-11-09","510","514.9","507","508.5","0.24 %","39,600.00","20,165,989.70"
"NABIL","2025-11-06","515","517","506.7","507.3","-1.13 %","46,224.00","23,608,561.10"
"NABIL","2025-11-05","513","516.9","508","513.1","0.39 %","27,044.00","13,853,498.00"
"NABIL","2025-11-04","515","517.9","511.1","511.1","-0.39 %","27,560.00","14,170,430.60"
"NABIL","2025-11-03","515","517","510.1","513.1","0.39 %","32,079.00","16,515,996.30"
"NABIL","2025-11-02","516.1","516.1","508","511.1","1.01 %","33,330.00","17,040,192.60"
"NABIL","2025-10-30","503.1","512","503.1","506","-0.20 %","37,178.00","18,886,889.10"
"NABIL","2025-10-29","509","516.3","507","507","-0.39 %","51,578.00","26,340,988.30"
"NABIL","2025-10-28","505.3","510","505","509","0.73 %","49,884.00","25,341,556.50"
"NABIL","2025-10-26","508","508","503","505.3","-0.51 %","32,708.00","16,536,001.60"
"NABIL","2025-10-19","512","512","506","507.9","-0.22 %","38,379.00","19,552,540.90"
"NABIL","2025-10-16","517.9","517.9","506","509","0.06 %","37,341.00","18,987,148.50"
"NABIL","2025-10-15","518","518","507","508.7","-0.25 %","38,107.00","19,392,773.30"
"NABIL","2025-10-14","518.5","518.5","510","510","0.00 %","31,168.00","15,920,085.60"
"NABIL","2025-10-13","519.9","520","506","510","-0.10 %","53,374.00","27,268,268.70"
"NABIL","2025-10-12","530.2","530.2","505","510.5","-1.81 %","65,413.00","33,410,328.40"
"NABIL","2025-10-09","523.9","544","514","519.9","1.15 %","43,284.00","22,572,450.20"
"NABIL","2025-10-08","523","523","505","514","-1.34 %","78,401.00","39,999,289.50"
"NABIL","2025-10-07","530","530","512.6","521","-1.14 %","48,977.00","25,450,439.70"
"NABIL","2025-09-28","524","528","521","527","1.04 %","30,997.00","16,269,472.50"
"NABIL","2025-09-25","523","524.9","516","521.6","-0.08 %","28,626.00","14,946,270.30"
"NABIL","2025-09-24","525","528","515","522","-0.29 %","59,254.00","30,932,259.00"
"NABIL","2025-09-23","516.9","525","513","523.5","2.61 %","55,373.00","28,777,561.90"
"NABIL","2025-09-21","474","514","474","510.18","5.63 %","122,490.00","61,735,387.90"
"NABIL","2025-09-18","502.9","502.9","471","483","-5.88 %","16,660.00","8,052,975.00"
"NABIL","2025-09-08","515","515","510","513.15","-0.33 %","42,962.00","21,964,392.80"
"NABIL","2025-09-07","507.3","517.8","507.3","514.87","-0.52 %","25,831.00","13,310,474.80"
"NABIL","2025-09-04","528","528","515","517.58","-0.44 %","40,199.00","20,749,919.00"
"NABIL","2025-09-03","520","529","519","519.88","-0.74 %","34,096.00","17,740,832.00"
"NABIL","2025-09-02","538.2","538.2","523.3","523.75","-0.74 %","34,983.00","18,405,010.20"
"NABIL","2025-09-01","531.2","531.2","518","527.66","1.31 %","42,334.00","22,222,760.80"
"NABIL","2025-08-31","535","536.9","520","520.84","-1.52 %","66,938.00","35,271,776.50"
"NABIL","2025-08-28","532","538.9","527","528.86","-0.94 %","83,641.00","44,571,924.60"
"NABIL","2025-08-27","539.9","539.9","526.5","533.87","0.85 %","64,476.00","34,175,100.60"
"NABIL","2025-08-26","514.5","533","514.5","529.35","1.30 %","67,932.00","35,900,524.60"
"NABIL","2025-08-25","512","525","509","522.58","1.76 %","81,167.00","41,935,363.20"
"NABIL","2025-08-24","520","520","513","513.56","-0.88 %","72,676.00","37,383,957.50"
"NABIL","2025-08-21","524.9","524.9","517.3","518.14","-0.13 %","38,427.00","19,925,528.20"
"NABIL","2025-08-20","518","521","517","518.81","0.00 %","43,704.00","22,666,843.80"
"NABIL","2025-08-19","525","525","518","518.81","-0.03 %","44,459.00","23,102,548.60"
"NABIL","2025-08-18","520","524","517","518.95","-0.43 %","48,703.00","25,313,878.10"
"NABIL","2025-08-17","525","528","519","521.21","-0.50 %","63,880.00","33,327,526.40"
"NABIL","2025-08-14","524.1","526.5","523.1","523.82","0.04 %","47,263.00","24,778,523.10"
"NABIL","2025-08-13","523","524.9","522","523.63","-0.23 %","50,014.00","26,191,841.40"
"NABIL","2025-08-12","530","534.5","524.2","524.86","-0.27 %","79,172.00","41,718,059.20"
"NABIL","2025-08-11","533","534","525","526.3","-0.20 %","69,423.00","36,644,323.00"
"NABIL","2025-08-07","534.9","534.9","525.6","527.36","0.27 %","63,502.00","33,510,621.60"
"NABIL","2025-08-06","530","530","523","525.93","-0.34 %","48,952.00","25,755,132.80"
"NABIL","2025-08-05","517.5","540","517.5","527.73","-0.05 %","91,553.00","48,640,299.20"
"NABIL","2025-08-04","524.4","532","519","527.97","0.68 %","103,313.00","54,318,530.10"
"NABIL","2025-08-03","536","538","522.5","524.4","-2.25 %","166,184.00","87,771,702.40"
"NABIL","2025-07-31","540.1","548.2","535","536.48","-1.60 %","110,940.00","59,709,752.80"
"NABIL","2025-07-30","550.7","555","545","545.18","-0.61 %","115,662.00","63,522,477.00"
"NABIL","2025-07-29","547","552","545","548.55","1.50 %","142,244.00","78,087,885.10"
"NABIL","2025-07-28","545.5","547","536","540.43","-1.35 %","183,214.00","98,869,241.30"
"NABIL","2025-07-27","550","554","545.1","547.84","-0.04 %","147,629.00","81,220,703.60"
"NABIL","2025-07-24","552","556","547.1","548.08","-0.60 %","95,913.00","52,752,517.70"
"NABIL","2025-07-23","543.6","562","543.6","551.41","-0.58 %","132,486.00","73,160,306.90"
"NABIL","2025-07-22","545.2","555.5","545.2","554.63","1.73 %","172,337.00","94,837,467.60"
"NABIL","2025-07-21","550","554","540","545.21","-0.83 %","126,936.00","69,339,704.90"
"NABIL","2025-07-20","550","560","548","549.77","0.20 %","233,008.00","129,064,235.30"
"NABIL","2025-07-17","545","554","542.2","548.66","1.35 %","192,877.00","106,084,134.40"
"NABIL","2025-07-16","530","543.6","530","541.37","2.18 %","260,180.00","140,412,352.70"
"NABIL","2025-07-15","524","530","515","529.8","1.45 %","136,308.00","71,047,008.50"
"NABIL","2025-07-14","538","538","521.1","522.22","-2.53 %","165,976.00","87,288,350.20"
"NABIL","2025-07-13","521.3","537.5","521.3","535.77","4.81 %","270,279.00","143,508,273.30"
"NABIL","2025-07-10","503","522","500","511.17","2.44 %","264,663.00","134,931,549.60"
"NABIL","2025-07-09","500","500","495.2","499.01","0.72 %","42,721.00","21,258,926.60"
"NABIL","2025-07-08","500","500","493","495.46","-0.32 %","33,006.00","16,372,932.90"
"NABIL","2025-07-07","500","503","496.3","497.07","-0.76 %","36,175.00","18,021,743.10"
"NABIL","2025-07-06","506","506.8","499.1","500.89","0.54 %","64,130.00","32,160,033.70"
"NABIL","2025-07-03","491.1","500","490","498.22","0.66 %","91,180.00","45,234,332.10"
"NABIL","2025-07-02","494.5","495.8","491","494.96","0.64 %","55,089.00","27,202,962.40"
"NABIL","2025-07-01","496.4","496.4","491","491.79","-0.00 %","35,495.00","17,476,977.90"
"NABIL","2025-06-30","490.1","493.1","490.1","491.81","0.41 %","37,425.00","18,421,945.10"
"NABIL","2025-06-29","482","490","482","489.82","0.80 %","40,790.00","19,855,309.40"
"NABIL","2025-06-26","486","488.5","485.1","485.95","-0.06 %","33,097.00","16,101,679.80"
"NABIL","2025-06-25","488","488.9","481","486.24","-0.22 %","24,807.00","12,047,864.20"
"NABIL","2025-06-24","489","493","483.2","487.3","-0.01 %","54,280.00","26,444,244.90"
"NABIL","2025-06-23","489.9","489.9","485","487.35","-0.34 %","30,576.00","14,888,929.00"
"NABIL","2025-06-22","493","493","485","488.99","-0.01 %","47,834.00","23,346,142.00"
"NABIL","2025-06-19","494.8","494.8","487","489.04","-0.19 %","78,016.00","38,171,293.10"
"NABIL","2025-06-18","490","492","488","489.97","0.20 %","44,689.00","21,873,393.40"
"NABIL","2025-06-17","490","492","487.1","488.99","-0.33 %","36,559.00","17,876,245.80"
"NABIL","2025-06-16","497","497","489","490.59","-0.03 %","48,455.00","23,792,554.90"
"NABIL","2025-06-15","495","495","490","490.73","0.26 %","43,276.00","21,256,612.50"
"NABIL","2025-06-12","493","493","488.3","489.44","-0.18 %","53,316.00","26,126,194.50"
"NABIL","2025-06-11","495","495","490","490.34","-0.29 %","39,951.00","19,627,959.60"
"NABIL","2025-06-10","494.9","494.9","490","491.77","0.17 %","38,403.00","18,891,832.90"
"NABIL","2025-06-09","489.9","494.9","489","490.93","0.26 %","29,647.00","14,585,465.20"
"NABIL","2025-06-08","490","495","489","489.65","-0.55 %","50,694.00","24,865,295.40"
"NABIL","2025-06-05","498","498","489","492.37","0.26 %","47,113.00","23,160,435.10"
"NABIL","2025-06-04","499","499","490","491.11","-1.27 %","48,051.00","23,650,135.00"
"NABIL","2025-06-03","505.9","505.9","495","497.45","-0.66 %","54,808.00","27,320,373.90"
"NABIL","2025-06-02","510.4","510.4","500.1","500.78","0.07 %","73,634.00","37,032,517.50"
"NABIL","2025-05-28","501.9","501.9","494","500.42","0.79 %","66,059.00","32,927,625.30"
"NABIL","2025-05-27","498","498.1","493.6","496.48","-0.32 %","33,750.00","16,728,470.20"
"NABIL","2025-05-26","506.6","516","496.1","498.07","0.27 %","87,620.00","43,957,960.70"
"NABIL","2025-05-25","509.5","510","495","496.75","-0.56 %","108,411.00","54,020,885.70"
"NABIL","2025-05-22","499.5","503","494.6","499.55","1.08 %","71,455.00","35,662,859.30"
"NABIL","2025-05-21","497.9","527","492.5","494.21","1.24 %","91,325.00","45,723,449.60"
"NABIL","2025-05-20","482.6","489","481","488.16","1.16 %","43,243.00","20,974,647.60"
"NABIL","2025-05-19","488","488","479.9","482.58","0.43 %","42,039.00","20,293,353.50"
"NABIL","2025-05-18","483","485","479","480.49","-0.34 %","37,266.00","17,902,061.60"
"NABIL","2025-05-15","485","486","481.5","482.11","-0.36 %","47,247.00","22,844,525.90"
"NABIL","2025-05-14","490","490","482","483.85","-0.73 %","25,028.00","12,122,585.60"
"NABIL","2025-05-13","488","493.6","481","487.41","0.36 %","65,061.00","31,585,532.70"
"NABIL","2025-05-11","490","490","484.5","485.65","0.62 %","44,892.00","21,799,860.50"
"NABIL","2025-05-08","490","490","480.5","482.64","-0.14 %","54,724.00","26,424,061.90"
"NABIL","2025-05-07","477","485","474.1","483.31","1.34 %","66,388.00","31,828,953.00"
"NABIL","2025-05-06","478","484","475.1","476.94","-0.27 %","39,968.00","19,059,469.10"
"NABIL","2025-05-05","478","481","477","478.25","-0.01 %","39,597.00","18,946,454.80"
"NABIL","2025-05-04","480","487.4","477","478.32","0.03 %","44,594.00","21,378,606.20"
"NABIL","2025-04-30","480","487","478","478.18","-0.68 %","49,915.00","23,920,163.40"
"NABIL","2025-04-29","480","488","480","481.45","0.03 %","29,998.00","14,451,570.20"
"NABIL","2025-04-28","485.3","487.9","480.6","481.3","-0.76 %","45,746.00","22,048,192.70"
"NABIL","2025-04-27","490","490","483.2","485.01","-0.18 %","50,578.00","24,578,874.70"
"NABIL","2025-04-24","483","489.9","483","485.87","-0.18 %","30,597.00","14,863,308.90"
"NABIL","2025-04-23","487","488","482","486.77","-0.20 %","65,014.00","31,491,464.60"
"NABIL","2025-04-22","490","494","485","487.76","-0.63 %","31,332.00","15,266,150.50"
"NABIL","2025-04-21","494.9","495","490","490.87","-0.25 %","49,104.00","24,161,003.30"
"NABIL","2025-04-20","500","501.2","490","492.09","-0.46 %","79,228.00","39,103,117.80"
"NABIL","2025-04-17","490.8","495.6","489","494.38","1.04 %","54,656.00","26,922,513.40"
"NABIL","2025-04-16","497","497","488","489.31","0.28 %","43,376.00","21,240,560.50"
"NABIL","2025-04-15","496","496","486","487.96","0.20 %","62,586.00","30,517,392.00"
"NABIL","2025-04-13","495.6","495.6","484.1","486.97","0.21 %","44,237.00","21,506,720.90"
"NABIL","2025-04-10","491","492.4","484","485.97","-0.06 %","30,292.00","14,717,797.10"
"NABIL","2025-04-09","494","494","483.2","486.27","0.33 %","26,187.00","12,744,525.00"
"NABIL","2025-04-08","485","486","478","484.65","-0.48 %","38,820.00","18,746,522.30"
"NABIL","2025-04-07","490","497","482","486.97","-0.36 %","46,130.00","22,422,636.00"
"NABIL","2025-04-03","491","494","486.1","488.73","0.72 %","42,041.00","20,602,284.70"
"NABIL","2025-04-02","494.2","494.2","484","485.26","0.14 %","36,189.00","17,575,535.20"
"NABIL","2025-04-01","490","493","483","484.56","-0.29 %","37,377.00","18,155,530.10"
"NABIL","2025-03-30","485","492","484","485.96","0.18 %","52,866.00","25,868,427.10"
"NABIL","2025-03-27","490.9","490.9","480","485.09","0.79 %","38,210.00","18,513,985.20"
"NABIL","2025-03-26","485","485","477","481.31","0.25 %","49,757.00","23,916,849.50"
"NABIL","2025-03-25","485","485","478","480.13","-0.81 %","78,144.00","37,494,028.20"
"NABIL","2025-03-24","484.5","486","476.5","484.03","0.29 %","54,964.00","26,524,696.80"
"NABIL","2025-03-23","488","488","482","482.62","-0.96 %","48,632.00","23,544,363.10"
"NABIL","2025-03-20","489","490","487","487.31","-0.33 %","36,716.00","17,908,359.70"
"NABIL","2025-03-19","495","496","487","488.9","-0.51 %","49,272.00","24,118,449.00"
"NABIL","2025-03-18","499.8","499.8","488","491.4","0.29 %","28,929.00","14,222,960.90"
"NABIL","2025-03-17","491.1","498","486","490","-0.22 %","41,530.00","20,417,432.30"
"NABIL","2025-03-16","494.9","494.9","485","491.1","0.02 %","71,238.00","34,682,594.90"
"NABIL","2025-03-12","494","494","489","491","0.00 %","39,132.00","19,204,640.20"
"NABIL","2025-03-11","492","495","486.1","491","0.00 %","45,903.00","22,559,000.90"
"NABIL","2025-03-10","496","500","490","491","-0.81 %","44,625.00","21,979,031.80"
"NABIL","2025-03-09","498","502","493","495","-0.62 %","53,038.00","26,380,628.30"
"NABIL","2025-03-05","509.5","509.5","498.5","499","-1.58 %","66,686.00","33,396,397.30"
"NABIL","2025-03-04","520","520","504","507","-1.55 %","116,499.00","59,229,782.70"
"NABIL","2025-03-03","523","529.2","515","515","-0.77 %","110,922.00","57,782,578.40"
"NABIL","2025-03-02","511.8","519","506","519","3.43 %","114,489.00","58,797,746.20"
"NABIL","2025-02-27","498.7","518","498","501.8","2.62 %","123,140.00","61,837,235.80"
"NABIL","2025-02-25","490","490","488","489","0.00 %","36,470.00","17,831,334.20"
"NABIL","2025-02-24","490","495","488.5","489","-0.18 %","63,464.00","31,139,937.70"
"NABIL","2025-02-23","485.1","495","485.1","489.9","-1.01 %","84,304.00","41,366,659.70"
"NABIL","2025-02-20","486.1","503.8","486.1","494.9","-0.22 %","44,322.00","21,943,112.10"
"NABIL","2025-02-18","500","500","494","496","0.40 %","60,431.00","30,012,969.00"
"NABIL","2025-02-17","487","495.9","485.3","494","1.44 %","70,310.00","34,507,660.80"
"NABIL","2025-02-16","486.8","488.3","482.9","487","0.31 %","53,350.00","25,859,337.70"
"NABIL","2025-02-13","488","490","482.1","485.5","0.10 %","40,707.00","19,745,431.70"
"NABIL","2025-02-12","487","487","482.1","485","-0.41 %","51,961.00","25,163,981.50"
"NABIL","2025-02-11","492","492","486","487","-0.61 %","29,647.00","14,448,351.10"
"NABIL","2025-02-10","486.5","490","484","490","0.76 %","51,838.00","25,208,899.60"
"NABIL","2025-02-09","495","495","485","486.3","-0.08 %","49,012.00","23,879,846.40"
"NABIL","2025-02-06","494","495","486","486.7","-0.67 %","50,451.00","24,674,687.80"
"NABIL","2025-02-05","491.1","493","489.5","490","-0.61 %","70,028.00","34,368,058.90"
"NABIL","2025-02-04","500","500","490","493","-0.58 %","53,987.00","26,637,510.80"
"NABIL","2025-02-03","492","503","491.4","495.9","0.92 %","109,341.00","54,412,930.60"
"NABIL","2025-02-02","479","493.4","476.1","491.4","3.24 %","105,241.00","51,266,050.70"
"NABIL","2025-01-28","478","481","475","476","-0.73 %","108,959.00","51,900,828.70"
"NABIL","2025-01-27","481","483","477.2","479.5","-0.56 %","62,150.00","29,773,335.50"
"NABIL","2025-01-26","492","492","482.1","482.2","-1.19 %","54,531.00","26,437,625.30"
"NABIL","2025-01-23","490","492","485.3","488","0.41 %","51,932.00","25,366,955.60"
"NABIL","2025-01-22","483","488.8","483","486","0.54 %","62,780.00","30,483,036.60"
"NABIL","2025-01-21","484","489","480.3","483.4","-0.23 %","50,098.00","24,175,213.00"
"NABIL","2025-01-20","490","495","482.2","484.5","-0.76 %","82,199.00","39,945,308.90"
"NABIL","2025-01-19","489","497","485","488.2","-0.18 %","52,392.00","25,518,159.50"
"NABIL","2025-01-16","490","495","487","489.1","-0.08 %","51,859.00","25,336,426.10"
"NABIL","2025-01-15","492.1","494","489","489.5","0.00 %","52,957.00","25,994,163.70"
"NABIL","2025-01-13","491","496","489.5","489.5","-0.22 %","86,269.00","42,428,502.50"
"NABIL","2025-01-12","505.4","505.4","490","490.6","-0.99 %","46,984.00","23,132,116.90"
"NABIL","2025-01-09","499","500","494","495.5","-0.68 %","138,476.00","68,774,076.30"
"NABIL","2025-01-08","510","510","497","498.9","-0.22 %","74,206.00","36,998,891.80"
"NABIL","2025-01-07","499","504","498","500","0.20 %","64,195.00","32,074,731.10"
"NABIL","2025-01-06","501.5","501.5","498","499","0.00 %","102,420.00","51,118,470.50"
"NABIL","2025-01-05","502","504","498","499","-0.06 %","67,379.00","33,640,202.30"
"NABIL","2025-01-02","502","502","499","499.3","-0.42 %","43,634.00","21,812,724.40"
"NABIL","2025-01-01","502","502.9","500","501.4","-0.12 %","29,808.00","14,928,274.40"
"NABIL","2024-12-31","512.7","512.7","498","502","-0.14 %","53,222.00","26,562,216.30"
"NABIL","2024-12-29","504.1","508.9","499","502.7","0.14 %","64,296.00","32,322,538.00"
"NABIL","2024-12-26","511","511","498","502","0.20 %","127,622.00","64,123,331.60"
"NABIL","2024-12-24","503","506","499.1","501","0.00 %","66,517.00","33,391,369.20"
"NABIL","2024-12-23","502.9","502.9","498","501","-0.38 %","86,473.00","43,272,734.60"
"NABIL","2024-12-22","497.9","511","497.9","502.9","-1.00 %","67,080.00","33,761,555.00"
"NABIL","2024-12-19","512","514","508","508","-0.74 %","73,723.00","37,610,350.00"
"NABIL","2024-12-18","501.8","520.4","501.8","511.8","-0.04 %","57,475.00","29,470,230.70"
"NABIL","2024-12-17","513","518","509.1","512","-0.18 %","53,169.00","27,268,731.10"
"NABIL","2024-12-16","520","524","509.7","512.9","-1.37 %","47,147.00","24,175,344.30"
"NABIL","2024-12-12","535","538.5","518.3","520","-1.52 %","56,954.00","29,999,645.90"
"NABIL","2024-12-11","508","529.8","506.1","528","3.92 %","70,328.00","36,146,924.20"
"NABIL","2024-12-10","510","514","505","508.1","-0.37 %","51,966.00","26,432,713.90"
"NABIL","2024-12-09","505","516.9","505","510","-0.87 %","54,624.00","27,932,970.60"
"NABIL","2024-12-08","526","526","513.5","514.5","-2.00 %","76,545.00","39,566,583.40"
"NABIL","2024-12-05","540.6","540.6","523","525","-0.94 %","61,452.00","32,305,643.40"
"NABIL","2024-12-04","542.6","542.6","530","530","-0.38 %","69,630.00","36,964,486.10"
"NABIL","2024-12-03","544.6","544.6","530.2","532","-0.37 %","62,719.00","33,351,241.10"
"NABIL","2024-12-02","546.7","546.7","533","534","-0.37 %","80,685.00","43,132,809.20"
"NABIL","2024-12-01","537.3","540","534.1","536","-0.74 %","79,422.00","42,627,477.80"
"NABIL","2024-11-28","545","551","539","540","-1.46 %","98,283.00","53,383,609.80"
"NABIL","2024-11-27","545","549.5","544","548","0.55 %","59,923.00","32,781,668.00"
"NABIL","2024-11-26","547.6","556","540","545","-0.47 %","96,250.00","52,398,724.40"
"NABIL","2024-11-25","569.1","569.1","542.7","547.6","-1.86 %","78,417.00","42,826,396.00"
"NABIL","2024-11-24","564","564.7","555","558","0.78 %","109,617.00","61,141,240.40"
"NABIL","2024-11-21","565","565","552.2","553.7","-0.59 %","56,753.00","31,472,593.90"
"NABIL","2024-11-20","560","562","552","557","-0.50 %","61,578.00","34,157,291.30"
"NABIL","2024-11-19","560","568","557","559.8","-0.41 %","84,892.00","47,657,769.90"
"NABIL","2024-11-17","562","570","562","562.1","0.02 %","62,749.00","35,417,355.50"
"NABIL","2024-11-14","566","566","557","562","0.18 %","59,666.00","33,459,901.30"
"NABIL","2024-11-13","566.2","570","560.2","561","-0.92 %","48,085.00","27,086,743.40"
"NABIL","2024-11-12","570.6","572","566","566.2","-0.49 %","58,126.00","33,088,676.40"
"NABIL","2024-11-11","573","579","568","569","-0.18 %","87,145.00","49,937,465.20"
"NABIL","2024-11-10","565","573","565","570","0.96 %","108,867.00","61,944,872.80"
"NABIL","2024-11-06","565","567","562.8","564.6","-0.42 %","54,129.00","30,511,010.00"
"NABIL","2024-11-05","570.1","576","565","567","-1.56 %","98,344.00","55,680,204.40"
"NABIL","2024-10-30","580","583","569","576","-2.67 %","215,581.00","124,439,618.60"
"NABIL","2024-10-29","595","595","586.1","591.8","1.16 %","38,978.00","23,000,072.20"
"NABIL","2024-10-28","585","594.9","583.5","585","-0.34 %","51,581.00","30,212,476.40"
"NABIL","2024-10-27","588.09","599","585.1","587","-0.76 %","33,289.00","19,567,963.70"
"NABIL","2024-10-24","590.1","600","590","591.5","-0.42 %","41,245.00","24,407,052.40"
"NABIL","2024-10-23","591","607.2","591","594","0.51 %","63,996.00","38,422,281.40"
"NABIL","2024-10-22","581.5","592","577","591","0.94 %","77,275.00","45,295,626.10"
"NABIL","2024-10-21","595","597","584","585.5","-1.93 %","112,249.00","65,959,989.50"
"NABIL","2024-10-20","600","606","593","597","-1.66 %","100,302.00","60,079,137.90"
"NABIL","2024-10-17","615","619","602","607.1","-0.15 %","70,872.00","43,161,960.00"
"NABIL","2024-10-16","608","608","601","608","1.33 %","94,498.00","57,089,953.30"
"NABIL","2024-10-15","593","601","593","600","1.18 %","69,441.00","41,603,987.70"
"NABIL","2024-10-09","595","595","580","593","0.34 %","38,505.00","22,733,588.64"
"NABIL","2024-10-08","592","600","580","591","-0.08 %","65,705.00","39,034,507.70"
"NABIL","2024-10-07","584","593.2","580","591.5","3.05 %","69,067.00","40,651,069.60"
"NABIL","2024-10-06","565","574","556","574","1.59 %","84,468.00","47,888,610.60"
"NABIL","2024-10-02","571","579.3","565","565","-0.53 %","56,823.00","32,409,462.50"
"NABIL","2024-10-01","550","571","550","568","3.27 %","74,522.00","42,116,162.60"
"NABIL","2024-09-30","540","550.5","540","550","1.57 %","49,497.00","27,116,381.20"
"NABIL","2024-09-29","550","550","540","541.5","-1.55 %","46,227.00","25,111,657.40"
"NABIL","2024-09-26","555.2","562","549","550","-0.90 %","50,686.00","28,014,233.90"
"NABIL","2024-09-25","550","560","545.1","555","0.27 %","50,441.00","27,867,328.70"
"NABIL","2024-09-24","567","567","552.1","553.5","-2.55 %","66,337.00","36,962,336.00"
"NABIL","2024-09-23","573.2","573.2","555","568","1.07 %","123,568.00","69,577,465.00"
"NABIL","2024-09-22","556","578","556","562","1.08 %","55,026.00","31,054,968.70"
"NABIL","2024-09-18","562","565","550","556","-0.93 %","68,886.00","38,431,118.40"
"NABIL","2024-09-16","571","571","560.1","561.2","-1.72 %","56,485.00","31,829,007.50"
"NABIL","2024-09-15","574","590","570","571","0.35 %","100,482.00","58,344,637.90"
"NABIL","2024-09-12","572.7","572.7","554","569","1.34 %","91,654.00","51,619,177.40"
"NABIL","2024-09-11","577","577.5","560","561.5","-1.46 %","78,865.00","44,418,906.70"
"NABIL","2024-09-10","583","583","567.5","569.8","-0.56 %","97,919.00","56,103,877.30"
"NABIL","2024-09-09","588","592","572","573","-2.22 %","93,805.00","54,213,108.50"
"NABIL","2024-09-08","603.8","603.8","585","586","-1.01 %","99,880.00","59,097,867.60"
"NABIL","2024-09-05","596","598","585","592","-0.50 %","92,820.00","54,792,436.20"
"NABIL","2024-09-04","622.2","622.2","595","595","-2.46 %","139,235.00","83,634,651.90"
"NABIL","2024-09-03","615","623","610","610","-0.28 %","107,180.00","65,893,261.80"
"NABIL","2024-09-02","600","612","585","611.7","2.81 %","174,550.00","104,924,105.60"
"NABIL","2024-09-01","614","614","589","595","-1.65 %","150,454.00","89,809,421.50"
"NABIL","2024-08-29","625","625","600","605","-1.79 %","155,077.00","93,909,055.40"
"NABIL","2024-08-28","617.7","630","609.7","616","1.72 %","256,298.00","158,681,461.10"
"NABIL","2024-08-27","625","640","605","605.6","-4.91 %","307,846.00","189,731,911.00"
"NABIL","2024-08-25","654","654","636","636.9","-2.61 %","206,816.00","132,777,526.90"
"NABIL","2024-08-22","658.3","668","652","654","-0.65 %","210,335.00","138,210,719.00"
"NABIL","2024-08-21","675","675","651","658.3","-0.56 %","251,551.00","165,831,119.00"
"NABIL","2024-08-18","670","682","656","662","0.30 %","385,734.00","257,782,857.60"
"NABIL","2024-08-15","657.9","673","647","660","2.33 %","460,088.00","304,494,325.90"
"NABIL","2024-08-14","650","650","640","645","-0.45 %","160,074.00","103,059,752.05"
"NABIL","2024-08-13","648","658.9","643","647.9","0.15 %","208,455.00","135,177,164.70"
"NABIL","2024-08-12","645","657.9","640","646.9","1.22 %","228,497.00","148,296,873.40"
"NABIL","2024-08-11","640","643","635","639.1","1.44 %","196,534.00","125,518,630.40"
"NABIL","2024-08-08","644.1","644.1","628","630","-0.24 %","154,915.00","97,946,514.60"
"NABIL","2024-08-07","613","640","608","631.5","1.04 %","251,049.00","157,692,586.00"
"NABIL","2024-08-06","668","668","624","625","-5.30 %","421,596.00","270,876,511.80"
"NABIL","2024-08-05","657.9","700","657","660","2.33 %","314,107.00","208,629,892.90"
"NABIL","2024-08-01","649.3","660","638","645","-0.66 %","197,788.00","128,019,909.10"
"NABIL","2024-07-31","656.8","656.8","640","649.3","0.82 %","288,592.00","187,472,565.10"
"NABIL","2024-07-30","658.9","658.9","620","644","-0.77 %","331,425.00","210,223,916.00"
"NABIL","2024-07-29","646","690","643","649","2.46 %","451,587.00","297,700,784.80"
"NABIL","2024-07-28","587.4","633.4","587.4","633.4","9.98 %","348,250.00","220,337,618.90"
"NABIL","2024-07-25","579","579","570","575.9","-0.54 %","129,069.00","74,255,917.30"
"NABIL","2024-07-24","576","590","570","579","0.00 %","162,758.00","94,481,900.70"
"NABIL","2024-07-23","574","580","563","579","0.87 %","185,075.00","106,372,294.20"
"NABIL","2024-07-22","580","587","563","574","-0.52 %","183,975.00","105,850,242.30"
"NABIL","2024-07-21","578","584","568","577","1.76 %","248,449.00","143,659,433.70"
"NABIL","2024-07-18","538","589","538","567","5.39 %","242,256.00","135,914,813.20"
"NABIL","2024-07-17","539","543","531","538","0.96 %","138,575.00","74,566,356.10"
"NABIL","2024-07-16","534.4","534.4","514.5","532.9","1.70 %","116,735.00","61,368,198.30"
"NABIL","2024-07-15","539.5","545","521","524","-0.95 %","157,693.00","83,658,136.50"
"NABIL","2024-07-14","517.1","547","517","529","4.34 %","138,178.00","72,604,290.40"
"NABIL","2024-07-11","507","507","498.6","507","1.99 %","115,571.00","57,994,102.00"
"NABIL","2024-07-10","500","500","490","497.1","1.41 %","82,435.00","40,854,930.30"
"NABIL","2024-07-09","490","491.9","482.1","490.2","0.04 %","48,124.00","23,437,166.60"
"NABIL","2024-07-08","487","490","482","490","0.62 %","79,001.00","38,542,488.70"
"NABIL","2024-07-07","487","490","482","487","0.00 %","59,675.00","29,077,830.70"
"NABIL","2024-07-04","485","490","480","487","0.62 %","58,487.00","28,370,114.60"
"NABIL","2024-07-03","477","484","469","484","1.45 %","48,855.00","23,335,629.90"
"NABIL","2024-07-02","467.9","499.3","466","477.1","3.99 %","93,437.00","44,669,247.60"
"NABIL","2024-07-01","457","458.8","450","458.8","1.50 %","31,786.00","14,413,918.90"
"NABIL","2024-06-30","456.9","461","450.8","452","-0.88 %","55,043.00","25,040,847.50"
"NABIL","2024-06-27","456","457","454.6","456","0.00 %","29,699.00","13,534,403.00"
"NABIL","2024-06-26","458.8","460","455.1","456","-0.48 %","57,007.00","26,058,156.40"
"NABIL","2024-06-25","462","465","455.3","458.2","-0.63 %","56,926.00","26,111,288.70"
"NABIL","2024-06-24","464","467","461.1","461.1","-1.05 %","45,036.00","20,929,810.40"
"NABIL","2024-06-23","469","469","465","466","-0.87 %","53,680.00","25,038,296.60"
"NABIL","2024-06-20","481.4","481.4","469.6","470.1","-0.40 %","51,724.00","24,331,204.90"
"NABIL","2024-06-19","469","475","469","472","0.64 %","29,603.00","13,955,577.20"
"NABIL","2024-06-18","483","483","468.7","469","-1.26 %","43,382.00","20,412,289.30"
"NABIL","2024-06-16","488.6","488.6","473.2","475","-0.86 %","48,170.00","22,914,153.80"
"NABIL","2024-06-13","490","490","479","479.1","-0.81 %","63,580.00","30,607,694.50"
"NABIL","2024-06-12","480","490","480","483","1.05 %","45,437.00","22,046,828.60"
"NABIL","2024-06-11","477.3","478.1","466.1","478","2.14 %","50,026.00","23,618,602.80"
"NABIL","2024-06-10","483.4","483.4","462.6","468","-1.27 %","57,462.00","26,919,557.70"
"NABIL","2024-06-09","486.5","486.5","474","474","-0.63 %","42,853.00","20,402,877.70"
"NABIL","2024-06-06","480.1","485","477","477","-0.63 %","40,452.00","19,393,372.40"
"NABIL","2024-06-05","483","487.6","479","480","-0.62 %","43,444.00","20,896,744.90"
"NABIL","2024-06-04","493","493","480.3","483","-0.39 %","37,907.00","18,264,152.80"
"NABIL","2024-06-03","496.9","497","484","484.9","-1.04 %","46,126.00","22,468,242.40"
"NABIL","2024-06-02","476","490.5","476","490","2.45 %","77,895.00","37,524,452.20"
"NABIL","2024-05-30","485","492","469.8","478.3","-2.19 %","104,947.00","50,405,336.00"
"NABIL","2024-05-29","505","522","488.5","489","-3.72 %","124,575.00","62,074,720.90"
"NABIL","2024-05-27","523.9","523.9","500.2","507.9","-1.76 %","101,039.00","51,333,314.90"
"NABIL","2024-05-26","515","532","507","517","0.58 %","257,882.00","134,055,334.80"
"NABIL","2024-05-22","480.9","515","480.9","514","6.88 %","307,056.00","155,072,385.70"
"NABIL","2024-05-21","460","481","457","480.9","5.00 %","144,313.00","68,180,180.60"
"NABIL","2024-05-20","443","463.4","441","458","4.81 %","97,887.00","44,504,840.10"
"NABIL","2024-05-19","439.6","439.6","432.2","437","1.39 %","47,893.00","20,893,781.60"
"NABIL","2024-05-16","442.6","442.6","428","431","-0.69 %","40,117.00","17,306,919.70"
"NABIL","2024-05-15","440","441","434","434","0.12 %","36,943.00","16,131,722.10"
"NABIL","2024-05-14","435.5","435.5","430","433.5","0.63 %","35,940.00","15,536,713.10"
"NABIL","2024-05-13","426","431.5","422.4","430.8","2.09 %","68,228.00","29,223,743.10"
"NABIL","2024-05-12","421.1","425","420","422","-0.17 %","44,038.00","18,601,027.30"
"NABIL","2024-05-09","428","428","419","422.7","-0.42 %","40,811.00","17,188,349.20"
"NABIL","2024-05-08","427","427","422","424.5","0.59 %","18,323.00","7,747,542.80"
"NABIL","2024-05-07","422.3","430.7","421.9","422","-0.47 %","38,545.00","16,314,507.30"
"NABIL","2024-05-06","427","427","423","424","-0.47 %","26,747.00","11,340,493.60"
"NABIL","2024-05-05","430","432","425","426","-0.81 %","41,759.00","17,829,873.30"
"NABIL","2024-05-02","440.1","440.1","427.5","429.5","-0.46 %","47,931.00","20,580,422.30"
"NABIL","2024-04-30","437.5","437.5","426","431.5","0.58 %","44,100.00","18,944,607.20"
"NABIL","2024-04-29","435.5","435.5","424.5","429","0.47 %","51,708.00","22,092,433.00"
"NABIL","2024-04-28","435.8","435.8","427","427","-0.07 %","43,925.00","18,805,484.30"
"NABIL","2024-04-25","429","433","427","427.3","-0.40 %","52,043.00","22,305,164.70"
"NABIL","2024-04-24","430","435","428.5","429","0.00 %","35,268.00","15,162,356.10"
"NABIL","2024-04-22","428","435","428","429","0.23 %","30,359.00","13,070,595.60"
"NABIL","2024-04-21","437","437","422","428","-0.44 %","68,601.00","29,231,237.30"
"NABIL","2024-04-18","434","434","429","429.9","-0.72 %","39,409.00","16,961,501.70"
"NABIL","2024-04-16","435","435","431","433","-0.46 %","33,034.00","14,285,085.70"
"NABIL","2024-04-15","438","439","434.1","435","-0.68 %","33,297.00","14,508,815.30"
"NABIL","2024-04-14","438","446","436.6","438","0.00 %","37,958.00","16,656,746.20"
"NABIL","2024-04-10","440","442","436","438","-0.23 %","46,883.00","20,567,165.60"
"NABIL","2024-04-09","446.7","446.7","432","439","0.23 %","51,408.00","22,583,822.20"
"NABIL","2024-04-07","434","438","430.1","438","0.92 %","83,715.00","36,212,319.00"
"NABIL","2024-04-04","434","436","432.7","434","0.00 %","37,125.00","16,117,591.60"
"NABIL","2024-04-03","439","439","432","434","-0.46 %","40,271.00","17,488,920.70"
"NABIL","2024-04-02","437","440","432","436","-0.68 %","26,386.00","11,528,904.10"
"NABIL","2024-04-01","437","439","432","439","-0.23 %","44,256.00","19,270,228.20"
"NABIL","2024-03-31","443","448","437.9","440","-0.56 %","55,639.00","24,528,721.50"
"NABIL","2024-03-28","442","444","440","442.5","0.45 %","32,919.00","14,525,360.10"
"NABIL","2024-03-27","442","447","440","440.5","-0.29 %","30,220.00","13,329,809.20"
"NABIL","2024-03-26","445.1","448","440","441.8","-0.72 %","40,492.00","17,930,260.10"
"NABIL","2024-03-25","458","458","444.4","445","-1.33 %","33,441.00","14,908,542.00"
"NABIL","2024-03-21","459.9","459.9","449","451","-1.31 %","46,500.00","20,947,008.40"
"NABIL","2024-03-20","463","465","456","457","-0.65 %","31,882.00","14,624,891.10"
"NABIL","2024-03-19","460","462","456","460","-0.22 %","34,096.00","15,682,309.00"
"NABIL","2024-03-18","473","473","459","461","-0.65 %","36,185.00","16,682,507.50"
"NABIL","2024-03-17","478","480","462","464","-1.67 %","51,485.00","23,971,254.60"
"NABIL","2024-03-14","480","480","468.3","471.9","-0.23 %","48,287.00","22,778,295.10"
"NABIL","2024-03-13","477","479.9","467","473","0.85 %","66,733.00","31,614,147.30"
"NABIL","2024-03-12","458.7","470","455","469","4.27 %","62,909.00","29,076,699.00"
"NABIL","2024-03-10","448","451","447","449.8","0.97 %","38,263.00","17,184,098.60"
"NABIL","2024-03-07","450","450","442","445.5","0.79 %","27,778.00","12,360,332.50"
"NABIL","2024-03-06","448","450","440","442","-0.90 %","46,408.00","20,614,974.90"
"NABIL","2024-03-05","459","459","435","446","-2.68 %","85,486.00","38,275,055.40"
"NABIL","2024-03-04","432.4","458.3","432","458.3","8.09 %","14,359.00","6,514,387.20"
"NABIL","2024-03-03","429.5","432","422","424","-1.28 %","57,099.00","24,247,315.80"
"NABIL","2024-02-29","435","435","429","429.5","-1.26 %","84,087.00","36,293,346.10"
"NABIL","2024-02-28","442","442","435","435","-0.64 %","32,394.00","14,143,989.00"
"NABIL","2024-02-27","434","440","432.5","437.8","0.88 %","44,089.00","19,182,202.40"
"NABIL","2024-02-26","436.5","440","430.1","434","-0.57 %","63,611.00","27,597,828.00"
"NABIL","2024-02-25","445","445","434","436.5","-1.91 %","68,284.00","29,943,351.10"
"NABIL","2024-02-22","450","452.9","443","445","-0.89 %","62,441.00","27,844,413.90"
"NABIL","2024-02-21","450","454.8","448","449","0.00 %","61,605.00","27,709,782.70"
"NABIL","2024-02-20","456","460","448","449","-1.90 %","90,305.00","40,799,800.60"
"NABIL","2024-02-18","456","465","455.5","457.7","-1.04 %","65,595.00","30,047,882.80"
"NABIL","2024-02-15","465","466","462","462.5","-0.64 %","51,339.00","23,763,885.70"
"NABIL","2024-02-14","471.5","471.5","464.5","465.5","-1.27 %","63,187.00","29,432,541.50"
"NABIL","2024-02-13","477","479.9","469.1","471.5","-1.15 %","83,243.00","39,335,243.70"
"NABIL","2024-02-12","476","477","474","477","0.42 %","48,708.00","23,137,701.80"
"NABIL","2024-02-11","486","486","474.5","475","-0.31 %","87,081.00","41,536,813.40"
"NABIL","2024-02-08","476","480","475","476.5","0.29 %","40,791.00","19,428,344.20"
"NABIL","2024-02-07","484.5","484.5","474.5","475.1","0.02 %","72,757.00","34,651,267.20"
"NABIL","2024-02-06","479","484","475","475","0.00 %","62,626.00","29,864,909.30"
"NABIL","2024-02-05","481","481","474.9","475","-0.42 %","65,154.00","31,059,134.50"
"NABIL","2024-02-04","480.6","483.9","477","477","-0.75 %","79,654.00","38,139,312.60"
"NABIL","2024-02-01","494.2","494.2","480","480.6","-0.83 %","88,972.00","42,874,748.30"
"NABIL","2024-01-31","489","490","484.6","484.6","-0.49 %","101,519.00","49,422,553.30"
"NABIL","2024-01-30","485","494","485","487","-0.20 %","58,884.00","28,719,052.70"
"NABIL","2024-01-29","492","495","485","488","-0.61 %","112,649.00","54,993,722.60"
"NABIL","2024-01-28","497","497","487.7","491","0.61 %","62,690.00","30,688,492.60"
"NABIL","2024-01-25","492.5","492.5","483.2","488","0.64 %","78,635.00","38,332,635.40"
"NABIL","2024-01-24","492","493","484","484.9","0.08 %","75,048.00","36,499,765.10"
"NABIL","2024-01-23","489","496","484","484.5","-0.92 %","102,618.00","49,850,590.00"
"NABIL","2024-01-22","495","495","486.5","489","-0.81 %","106,960.00","52,410,361.90"
"NABIL","2024-01-21","504","504","492","493","-1.00 %","85,324.00","42,440,772.60"
"NABIL","2024-01-18","507","507","498","498","-1.19 %","78,196.00","39,099,071.90"
"NABIL","2024-01-17","503.5","512","503","504","0.60 %","111,028.00","56,271,981.30"
"NABIL","2024-01-16","500","502","498","501","1.31 %","126,928.00","63,423,350.80"
"NABIL","2024-01-14","500","501","493.5","494.5","0.30 %","66,912.00","33,128,429.60"
"NABIL","2024-01-11","499","499.9","490","493","0.20 %","52,810.00","26,080,337.00"
"NABIL","2024-01-10","495","500","490","492","0.41 %","91,478.00","45,338,816.50"
"NABIL","2024-01-09","488.1","495","488.1","490","0.39 %","123,332.00","60,580,784.60"
"NABIL","2024-01-08","495","495","488","488.1","-0.39 %","109,400.00","53,586,128.10"
"NABIL","2024-01-07","500","500","489.5","490","-1.11 %","97,677.00","48,049,103.80"
"NABIL","2024-01-04","498","500.9","495","495.5","-0.10 %","93,743.00","46,626,099.40"
"NABIL","2024-01-03","500","501.5","488.6","496","-0.78 %","150,208.00","74,243,709.50"
"NABIL","2024-01-02","506","510","498","499.9","-1.19 %","97,243.00","48,739,674.80"
"NABIL","2024-01-01","513","513","505","505.9","-0.02 %","56,006.00","28,388,629.60"
"NABIL","2023-12-28","499","514","499","506","-0.39 %","55,161.00","27,984,384.90"
"NABIL","2023-12-27","520","520","508","508","-1.36 %","70,880.00","36,195,148.50"
"NABIL","2023-12-24","523","527","515","515","-1.53 %","85,406.00","44,347,884.30"
"NABIL","2023-12-21","520","525","520","523","0.58 %","91,036.00","47,621,680.70"
"NABIL","2023-12-20","525","528","518.6","520","0.39 %","145,825.00","75,974,172.10"
"NABIL","2023-12-19","523.2","523.2","514","518","0.97 %","91,419.00","47,333,207.90"
"NABIL","2023-12-18","513.7","519.5","510","513","0.00 %","110,278.00","56,583,376.50"
"NABIL","2023-12-17","515","518.9","493","513","-1.87 %","136,029.00","69,726,311.70"
"NABIL","2023-12-14","525","527.9","521","522.8","0.35 %","63,175.00","33,077,944.40"
"NABIL","2023-12-13","530","530","520","521","-0.04 %","62,488.00","32,770,640.30"
"NABIL","2023-12-12","528","528","520","521.2","-0.15 %","61,512.00","32,135,111.40"
"NABIL","2023-12-11","539","539","520","522","-1.23 %","71,048.00","37,397,217.90"
"NABIL","2023-12-10","516.8","530","514","528.5","4.12 %","5,437.00","2,869,237.70"
"NABIL","2023-12-07","513.5","514","501","507.6","0.51 %","16,317.00","8,262,794.20"
"NABIL","2023-12-06","508","509","500","505","0.58 %","23,989.00","12,053,221.10"
"NABIL","2023-12-05","504","510","502","502.1","0.02 %","34,084.00","17,159,415.80"
"NABIL","2023-12-04","498","510","498","502","-0.79 %","35,110.00","17,661,374.70"
"NABIL","2023-12-03","516","516","505","506","-0.57 %","33,642.00","17,059,256.00"
"NABIL","2023-11-30","512","512","507","508.9","-0.59 %","34,128.00","17,354,014.10"
"NABIL","2023-11-29","517","520","508.9","511.9","-0.99 %","46,655.00","23,909,578.80"
"NABIL","2023-11-28","529.8","529.8","515.5","517","-1.71 %","32,419.00","16,836,839.70"
"NABIL","2023-11-27","540","540","522","526","-1.39 %","35,690.00","18,860,924.70"
"NABIL","2023-11-26","510","533.4","499","533.4","3.57 %","143,911.00","73,712,280.60"
"NABIL","2023-11-23","549.9","549.9","505.1","515","-8.20 %","254,979.00","131,076,105.80"
"NABIL","2023-11-22","563","563","558","561","0.00 %","38,556.00","21,615,521.40"
"NABIL","2023-11-21","566","575","560","561","-0.71 %","33,672.00","18,985,793.70"
"NABIL","2023-11-20","572","572.5","562","565","-0.74 %","37,308.00","21,140,991.40"
"NABIL","2023-11-09","571.5","571.5","569","569.2","-0.40 %","25,721.00","14,653,022.20"
"NABIL","2023-11-08","571","575","568","571.5","0.28 %","28,864.00","16,464,832.40"
"NABIL","2023-11-07","577.8","577.8","567","569.9","0.33 %","32,456.00","18,470,133.10"
"NABIL","2023-11-06","570","577","567","568","0.35 %","29,139.00","16,603,603.50"
"NABIL","2023-11-05","572","573","564","566","-1.20 %","50,715.00","28,752,025.40"
"NABIL","2023-11-02","582","582","572","572.9","-0.81 %","36,808.00","21,127,137.60"
"NABIL","2023-11-01","575","580","575","577.6","-0.07 %","18,731.00","10,825,934.30"
"NABIL","2023-10-31","579","585","575","578","-0.34 %","25,726.00","14,873,435.30"
"NABIL","2023-10-30","575","580","572","580","-0.17 %","39,951.00","23,019,064.20"
"NABIL","2023-10-29","590","590.4","579.2","581","-1.53 %","37,365.00","21,737,652.60"
"NABIL","2023-10-19","596.5","596.5","586","590","0.08 %","66,181.00","39,090,480.60"
"NABIL","2023-10-18","583","589.9","573","589.5","3.04 %","27,895.00","16,287,197.70"
"NABIL","2023-10-17","579","580","570","572.1","0.72 %","37,883.00","21,706,060.60"
"NABIL","2023-10-16","578","578","566.5","568","0.19 %","30,777.00","17,493,800.70"
"NABIL","2023-10-12","570","570","560.5","566.9","-0.02 %","50,839.00","28,714,621.30"
"NABIL","2023-10-11","570","570.9","566.5","567","-0.35 %","58,358.00","33,179,846.20"
"NABIL","2023-10-10","572","575","568","569","-0.49 %","60,468.00","34,434,414.90"
"NABIL","2023-10-09","579","580","571","571.8","-0.56 %","61,332.00","35,145,369.40"
"NABIL","2023-10-08","593.3","593.3","574.5","575","-1.15 %","92,585.00","53,442,373.90"
"NABIL","2023-10-05","580.2","584.6","580","581.7","-0.36 %","54,791.00","31,828,814.60"
"NABIL","2023-10-04","586.8","586.8","580.5","583.8","-0.03 %","47,450.00","27,683,428.30"
"NABIL","2023-10-03","585","589","582.1","584","0.17 %","47,601.00","27,852,069.20"
"NABIL","2023-10-02","583","588.4","579.5","583","-0.34 %","44,667.00","26,055,975.90"
"NABIL","2023-10-01","590","591.5","584","585","-1.10 %","37,802.00","22,150,202.80"
"NABIL","2023-09-27","600","604","590","591.5","-0.42 %","30,539.00","18,094,488.40"
"NABIL","2023-09-26","603","603","592","594","-0.17 %","23,327.00","13,863,486.10"
"NABIL","2023-09-25","591.1","598.9","588","595","0.51 %","50,135.00","29,796,596.40"
"NABIL","2023-09-24","593","598","586.8","592","-0.17 %","51,424.00","30,396,145.50"
"NABIL","2023-09-21","591","603","591","593","0.68 %","38,690.00","23,034,240.60"
"NABIL","2023-09-19","592","598","586","589","-0.36 %","31,416.00","18,493,866.50"
"NABIL","2023-09-18","592","592","585","591.1","-0.32 %","36,430.00","21,474,886.30"
"NABIL","2023-09-17","599.7","608","590","593","0.85 %","72,674.00","43,158,916.20"
"NABIL","2023-09-13","581","590","581","588","0.68 %","40,108.00","23,485,920.30"
"NABIL","2023-09-12","598","599","583","584","-0.80 %","42,149.00","24,816,791.50"
"NABIL","2023-09-11","587","589","578.3","588.7","1.50 %","70,550.00","41,321,868.50"
"NABIL","2023-09-10","578.9","582","577","580","0.49 %","51,489.00","29,857,994.80"
"NABIL","2023-09-07","585","585","576.5","577.2","-0.79 %","51,168.00","29,566,230.50"
"NABIL","2023-09-05","586","589.9","580.6","581.8","-0.38 %","27,803.00","16,202,031.40"
"NABIL","2023-09-04","584","587","575.3","584","0.00 %","66,419.00","38,500,932.10"
"NABIL","2023-09-03","587.3","590","583","584","-0.56 %","46,707.00","27,297,567.60"
"NABIL","2023-08-30","596","596","586.2","587.3","-0.46 %","51,037.00","30,052,229.30"
"NABIL","2023-08-29","592.1","596","588.1","590","-0.02 %","29,237.00","17,259,695.20"
"NABIL","2023-08-28","596","596","590","590.1","0.02 %","25,988.00","15,380,695.00"
"NABIL","2023-08-27","592.5","595","589.1","590","-0.42 %","45,941.00","27,149,538.30"
"NABIL","2023-08-24","595","600","591.1","592.5","-1.09 %","43,106.00","25,686,071.70"
"NABIL","2023-08-23","594","599.9","592.1","599","0.84 %","29,155.00","17,378,859.00"
"NABIL","2023-08-22","592","600","590","594","0.42 %","41,686.00","24,674,639.40"
"NABIL","2023-08-21","590","598.9","585","591.5","-0.07 %","40,222.00","23,765,668.00"
"NABIL","2023-08-20","595","597","588","591.9","-0.19 %","58,801.00","34,751,380.90"
"NABIL","2023-08-17","602.5","602.7","592","593","0.17 %","32,425.00","19,240,299.80"
"NABIL","2023-08-16","599","600","590","592","-1.17 %","53,322.00","31,676,925.70"
"NABIL","2023-08-15","601","601","596.6","599","-0.63 %","65,912.00","39,447,340.90"
"NABIL","2023-08-14","591.5","605","591.5","602.8","-0.12 %","43,883.00","26,482,835.40"
"NABIL","2023-08-13","608","610","600","603.5","-0.49 %","60,137.00","36,381,307.50"
"NABIL","2023-08-10","604","607.3","602","606.5","0.58 %","47,833.00","28,957,552.00"
"NABIL","2023-08-09","604","604","594","603","0.50 %","58,335.00","34,931,078.90"
"NABIL","2023-08-08","610","614","600","600","-1.64 %","58,044.00","35,073,067.70"
"NABIL","2023-08-07","612","614.9","602","610","-0.33 %","78,727.00","47,898,930.30"
"NABIL","2023-08-06","625.2","637.7","607","612","-0.16 %","113,739.00","69,820,466.50"
"NABIL","2023-08-03","618","621","612","613","0.00 %","44,414.00","27,412,266.20"
"NABIL","2023-08-02","619.9","620","609","613","0.31 %","36,975.00","22,620,315.90"
"NABIL","2023-08-01","620","621","611","611.1","-0.63 %","41,626.00","25,620,471.80"
"NABIL","2023-07-31","605","623","605","615","-0.16 %","55,627.00","34,311,195.50"
"NABIL","2023-07-30","623","623.9","614","616","-0.32 %","79,973.00","49,335,465.00"
"NABIL","2023-07-27","625","628","616","618","-0.88 %","80,901.00","50,326,274.70"
"NABIL","2023-07-26","629","629.5","618","623.5","-0.02 %","56,916.00","35,568,721.80"
"NABIL","2023-07-25","640","640","621","623.6","-2.41 %","103,484.00","65,026,439.50"
"NABIL","2023-07-24","650","653","636","639","-1.54 %","172,938.00","111,689,687.70"
"NABIL","2023-07-23","630","649.6","625.2","649","4.01 %","147,953.00","94,121,522.80"
"NABIL","2023-07-20","620","628.9","620","624","1.17 %","124,603.00","77,783,223.10"
"NABIL","2023-07-19","619","619","612","616.8","0.62 %","76,090.00","46,874,578.90"
"NABIL","2023-07-18","620.9","621.6","610","613","0.33 %","76,424.00","47,031,903.00"
"NABIL","2023-07-17","607","612","598","611","1.97 %","73,868.00","44,868,342.90"
"NABIL","2023-07-16","595","605.9","590","599.2","1.56 %","73,028.00","43,608,617.00"
"NABIL","2023-07-13","574.3","597.9","574.3","590","0.68 %","66,352.00","39,318,126.20"
"NABIL","2023-07-12","585","589.9","585","586","0.51 %","51,194.00","30,016,680.90"
"NABIL","2023-07-11","584","587","580","583","0.00 %","88,236.00","51,402,666.70"
"NABIL","2023-07-10","593","593","581","583","0.00 %","88,478.00","51,633,437.30"
"NABIL","2023-07-09","590","593.6","582","583","0.15 %","79,385.00","46,393,314.10"
"NABIL","2023-07-06","584","594","580","582.1","-0.09 %","61,889.00","36,123,009.40"
"NABIL","2023-07-05","574.3","597.1","574.3","582.6","-0.58 %","70,629.00","41,335,410.70"
"NABIL","2023-07-04","585.1","590","584","586","0.19 %","69,678.00","40,896,154.20"
"NABIL","2023-07-03","594","594","584","584.9","-1.53 %","111,999.00","65,697,698.15"
"NABIL","2023-07-02","615","615","591","594","-1.98 %","111,991.00","66,854,976.65"
"NABIL","2023-06-28","620","633","605","606","-0.48 %","151,880.00","92,844,811.90"
"NABIL","2023-06-27","593","609.9","587","608.9","3.91 %","184,325.00","110,660,786.10"
"NABIL","2023-06-26","593","593","585.2","586","-0.17 %","125,517.00","73,753,126.20"
"NABIL","2023-06-25","594","594","581.5","587","-0.25 %","123,731.00","72,516,379.78"
"NABIL","2023-06-22","595","597","585.4","588.5","-0.27 %","57,079.00","33,592,097.20"
"NABIL","2023-06-21","600","600","589.1","590.1","-0.87 %","74,080.00","43,876,597.30"
"NABIL","2023-06-20","599","603","595","595.3","0.22 %","77,314.00","46,284,743.80"
"NABIL","2023-06-19","598","605.2","593.1","594","-0.34 %","69,002.00","41,098,211.50"
"NABIL","2023-06-18","600","601","595.1","596","-0.33 %","77,802.00","46,419,957.70"
"NABIL","2023-06-15","610","610","596","598","-0.17 %","39,563.00","23,729,746.60"
"NABIL","2023-06-14","603","604","597","599","0.34 %","117,524.00","70,605,525.30"
"NABIL","2023-06-13","599.9","601","595","597","0.00 %","67,044.00","40,124,610.10"
"NABIL","2023-06-12","600","602","595","597","0.51 %","39,241.00","23,485,659.90"
"NABIL","2023-06-11","585","596.7","585","594","0.52 %","52,568.00","31,236,437.90"
"NABIL","2023-06-08","590","595","587","590.9","-0.07 %","36,616.00","21,610,888.10"
"NABIL","2023-06-07","591.7","599","591","591.3","-0.07 %","33,681.00","20,003,390.20"
"NABIL","2023-06-06","590.1","599","590","591.7","0.12 %","29,785.00","17,622,610.70"
"NABIL","2023-06-05","599.9","606","591","591","-0.74 %","28,519.00","17,025,367.70"
"NABIL","2023-06-04","587.8","606.9","587.8","595.4","1.29 %","34,455.00","20,522,148.00"
"NABIL","2023-06-01","584","590","580","587.8","1.08 %","38,294.00","22,438,475.80"
"NABIL","2023-05-31","585","592","575.6","581.5","-0.99 %","57,976.00","33,838,205.40"
"NABIL","2023-05-30","600","602","584","587.3","-2.28 %","76,105.00","45,006,162.40"
"NABIL","2023-05-28","610","615","600","601","-0.83 %","69,792.00","42,258,257.50"
"NABIL","2023-05-24","605","613.9","603","606","0.08 %","39,756.00","24,097,410.90"
"NABIL","2023-05-23","605","607","598","605.5","1.09 %","41,814.00","25,238,036.50"
"NABIL","2023-05-22","600","601","592","599","0.66 %","27,093.00","16,172,911.10"
"NABIL","2023-05-21","601","611","595","595.1","0.86 %","45,034.00","26,932,317.80"
"NABIL","2023-05-18","590","600","590","590","0.00 %","50,008.00","29,758,947.60"
"NABIL","2023-05-17","590","594","586","590","1.03 %","28,470.00","16,807,685.30"
"NABIL","2023-05-16","592","592","582","584","0.03 %","37,052.00","21,685,277.30"
"NABIL","2023-05-15","584","595","583.1","583.8","-0.00 %","34,630.00","20,246,495.60"
"NABIL","2023-05-14","590","601","583.5","584.9","-0.86 %","52,485.00","30,790,801.32"
"NABIL","2023-05-11","590","594","589","590","0.00 %","26,707.00","15,759,761.60"
"NABIL","2023-05-10","600","600","589","590","-0.84 %","59,646.00","35,408,992.80"
"NABIL","2023-05-09","581.8","612","581.8","595","0.34 %","34,345.00","20,387,959.60"
"NABIL","2023-05-08","595","595","591","593","-0.34 %","27,670.00","16,398,503.30"
"NABIL","2023-05-07","600","600","593.1","595","-0.65 %","28,270.00","16,823,070.10"
"NABIL","2023-05-04","600","600","595","598.9","0.07 %","32,806.00","19,612,850.30"
"NABIL","2023-05-03","600","600","595","598.5","-0.17 %","22,982.00","13,729,373.80"
"NABIL","2023-05-02","585.1","608","585.1","599.5","0.42 %","30,177.00","18,046,957.60"
"NABIL","2023-04-30","605","605","593","597","-0.50 %","54,304.00","32,353,777.00"
"NABIL","2023-04-27","602","605.5","598","600","-0.66 %","54,508.00","32,706,170.20"
"NABIL","2023-04-26","607.5","610","603.5","604","-0.25 %","40,984.00","24,821,586.10"
"NABIL","2023-04-25","606","607","600","605.5","0.08 %","44,615.00","26,950,675.40"
"NABIL","2023-04-24","610","612","603","605","-0.66 %","35,512.00","21,532,546.30"
"NABIL","2023-04-23","620","621","607.7","609","-1.77 %","34,734.00","21,238,989.10"
"NABIL","2023-04-20","608","632","608","620","0.00 %","41,287.00","25,740,233.90"
"NABIL","2023-04-19","603.7","627","603.7","620","0.65 %","59,588.00","36,617,823.80"
"NABIL","2023-04-18","604","620","604","616","0.00 %","32,979.00","20,357,427.70"
"NABIL","2023-04-17","617","625","615","616","-0.16 %","28,045.00","17,320,112.60"
"NABIL","2023-04-16","618.9","630","613","617","-0.31 %","25,772.00","15,949,563.70"
"NABIL","2023-04-13","641.5","643.8","610","618.9","-1.61 %","72,785.00","45,917,709.60"
"NABIL","2023-04-12","603.8","630.9","598","629","6.25 %","86,971.00","53,384,244.40"
"NABIL","2023-04-11","593.7","593.7","582.1","592","1.70 %","39,186.00","22,991,337.60"
"NABIL","2023-04-10","580","588","577","582.1","0.36 %","46,442.00","27,025,240.50"
"NABIL","2023-04-09","590","590","578.1","580","-2.06 %","99,562.00","57,855,742.50"
"NABIL","2023-04-06","595","600","588","592.2","0.37 %","49,701.00","29,495,712.90"
"NABIL","2023-04-05","595","595","588","590","0.17 %","39,978.00","23,584,402.30"
"NABIL","2023-04-04","595","595","586.1","589","-0.15 %","41,355.00","24,424,997.00"
"NABIL","2023-04-03","600","600","587","589.9","-1.32 %","61,504.00","36,279,007.60"
"NABIL","2023-04-02","603","610","595","597.8","-0.86 %","39,669.00","23,822,813.70"
"NABIL","2023-03-30","612","612","600.6","603","-0.99 %","33,868.00","20,453,706.00"
"NABIL","2023-03-29","610","610","599","609","0.41 %","31,811.00","19,273,587.20"
"NABIL","2023-03-28","607","612.5","602","606.5","0.41 %","48,081.00","29,249,513.80"
"NABIL","2023-03-27","596","605","588.1","604","1.34 %","68,181.00","40,458,527.90"
"NABIL","2023-03-26","605.5","605.5","596","596","-1.49 %","58,085.00","34,751,408.30"
"NABIL","2023-03-23","610","612","603","605","-1.31 %","63,514.00","38,469,238.70"
"NABIL","2023-03-22","615","619.9","610","613","0.00 %","59,448.00","36,387,425.60"
"NABIL","2023-03-20","607","613.7","606.5","613","1.16 %","51,889.00","31,589,859.20"
"NABIL","2023-03-19","625","625","605","606","-1.14 %","50,724.00","30,904,775.80"
"NABIL","2023-03-16","623","623","605","613","-0.81 %","65,028.00","39,683,731.20"
"NABIL","2023-03-15","625","628","618","618","-1.12 %","69,209.00","42,912,042.60"
"NABIL","2023-03-14","634","634","623","625","-0.78 %","55,015.00","34,473,548.70"
"NABIL","2023-03-13","624.2","635","624.2","629.9","-1.10 %","55,971.00","35,140,758.60"
"NABIL","2023-03-12","650","653","635","636.9","-1.56 %","51,762.00","33,104,679.20"
"NABIL","2023-03-09","641","648.9","641","647","1.25 %","55,564.00","35,785,207.10"
"NABIL","2023-03-07","640","642","637","639","0.27 %","41,137.00","26,325,287.00"
"NABIL","2023-03-05","650","650","635","637.3","-1.82 %","54,153.00","34,508,537.30"
"NABIL","2023-03-02","652","653","648","649.1","-0.90 %","59,279.00","38,561,494.60"
"NABIL","2023-03-01","657","660","654","655","-0.30 %","35,796.00","23,485,365.00"
"NABIL","2023-02-28","665","669","656.1","657","-0.61 %","31,890.00","21,053,247.90"
"NABIL","2023-02-27","672","675.1","658","661","-0.38 %","41,206.00","27,264,521.30"
"NABIL","2023-02-26","668","670","652","663.5","-0.82 %","57,017.00","37,609,406.30"
"NABIL","2023-02-23","678","679","665","669","-1.46 %","47,679.00","31,867,874.40"
"NABIL","2023-02-22","674.8","689.5","664.2","678.9","2.48 %","57,464.00","38,602,222.00"
"NABIL","2023-02-20","670.2","670.2","661","662.5","-1.15 %","53,643.00","35,649,044.00"
"NABIL","2023-02-16","675","676","669","670.2","-0.64 %","57,195.00","38,412,329.30"
"NABIL","2023-02-15","675","688.5","670.1","674.5","-0.07 %","39,631.00","26,766,341.20"
"NABIL","2023-02-14","683","683","674","675","-1.17 %","59,511.00","40,229,741.20"
"NABIL","2023-02-12","689","690","680","683","-1.44 %","53,279.00","36,424,747.20"
"NABIL","2023-02-09","690","698","676","693","0.73 %","83,791.00","57,355,488.90"
"NABIL","2023-02-08","705","705.7","685","688","-0.56 %","75,546.00","52,398,853.00"
"NABIL","2023-02-07","677.3","692","677.3","691.9","2.16 %","69,751.00","48,024,125.40"
"NABIL","2023-02-06","682","688","675","677.3","-0.54 %","54,726.00","37,058,416.20"
"NABIL","2023-02-05","690","698","678","681","-1.02 %","84,062.00","57,476,381.60"
"NABIL","2023-02-02","692","694.5","685.1","688","-0.29 %","54,429.00","37,556,908.00"
"NABIL","2023-02-01","695","695","686","690","-0.06 %","57,940.00","39,861,439.40"
"NABIL","2023-01-31","700","700","688","690.4","-1.09 %","67,697.00","46,790,580.80"
"NABIL","2023-01-30","688.5","706","688.5","698","-0.64 %","71,228.00","49,884,863.10"
"NABIL","2023-01-29","707","709","701.1","702.5","-0.44 %","57,268.00","40,322,419.10"
"NABIL","2023-01-26","714","714.5","705.3","705.6","-0.49 %","57,638.00","40,819,235.90"
"NABIL","2023-01-25","717","719","709","709.1","-0.55 %","63,311.00","45,120,868.20"
"NABIL","2023-01-24","711","715","709","713","0.30 %","67,781.00","48,245,961.70"
"NABIL","2023-01-23","717.5","729","710","710.9","1.05 %","114,807.00","81,990,439.60"
"NABIL","2023-01-19","705","710","701","703.5","-0.06 %","93,648.00","66,002,719.40"
"NABIL","2023-01-18","712","718","703","703.9","-1.00 %","94,709.00","67,131,987.90"
"NABIL","2023-01-17","724","725","709","711","-0.42 %","88,101.00","62,759,754.80"
"NABIL","2023-01-12","733.5","733.5","713.7","714","-0.72 %","101,205.00","72,682,871.40"
"NABIL","2023-01-10","720","735","718","719.2","0.03 %","182,296.00","132,591,912.10"
"NABIL","2023-01-09","733.4","733.4","712","719","-0.01 %","167,381.00","120,035,819.40"
"NABIL","2023-01-08","738.9","739","718.5","719.1","-1.09 %","146,327.00","105,631,362.40"
"NABIL","2023-01-05","744","745","727","727","-1.34 %","132,642.00","97,002,720.20"
"NABIL","2023-01-04","750","750","730","736.9","0.12 %","89,872.00","66,207,371.90"
"NABIL","2023-01-03","743","750","735","736","-0.41 %","107,994.00","79,862,135.80"
"NABIL","2023-01-02","735.5","751","725","739","2.48 %","227,630.00","168,451,282.80"
"NABIL","2023-01-01","859","865","850","854.5","1.36 %","263,159.00","225,748,979.10"
"NABIL","2022-12-29","840","844","835.1","843","0.97 %","110,579.00","92,888,217.90"
"NABIL","2022-12-28","845","847","826.1","834.9","-0.84 %","105,429.00","88,591,274.10"
"NABIL","2022-12-27","847","860","834","842","0.48 %","133,855.00","113,229,439.00"
"NABIL","2022-12-26","811","840","811","838","3.46 %","110,057.00","91,121,150.20"
"NABIL","2022-12-22","809","811","800.1","810","0.37 %","66,052.00","53,166,698.00"
"NABIL","2022-12-21","816","816","800","807","0.88 %","48,877.00","39,508,915.70"
"NABIL","2022-12-20","800","807","797","800","0.38 %","42,079.00","33,692,251.60"
"NABIL","2022-12-19","795","800","794","797","0.38 %","40,026.00","31,909,230.10"
"NABIL","2022-12-18","810","810","793","794","-1.24 %","67,787.00","54,113,336.70"
"NABIL","2022-12-15","815","815","803.5","804","-0.50 %","58,542.00","47,255,902.50"
"NABIL","2022-12-14","807","818","807","808","0.11 %","52,009.00","42,277,228.30"
"NABIL","2022-12-13","816","816.9","804.7","807.1","-0.97 %","88,690.00","71,756,635.70"
"NABIL","2022-12-12","846","846","801.7","815","-3.66 %","261,519.00","213,241,682.50"
"NABIL","2022-12-11","880","880","842.8","846","-3.97 %","87,795.00","75,843,349.60"
"NABIL","2022-12-07","884","890","879","881","-0.79 %","51,341.00","45,287,666.80"
"NABIL","2022-12-06","900.6","900.6","875.1","888","0.57 %","54,482.00","48,195,521.10"
"NABIL","2022-12-05","866","895","866","883","0.11 %","95,864.00","84,789,006.70"
"NABIL","2022-12-04","922","930","879.3","882","-3.40 %","221,592.00","198,067,493.40"
"NABIL","2022-12-01","865","915","865","913","3.51 %","159,865.00","144,556,792.00"
"NABIL","2022-11-30","878","883.5","870.1","882","0.57 %","47,288.00","41,503,915.80"
"NABIL","2022-11-29","876","880","866.7","877","0.34 %","49,511.00","43,161,892.30"
"NABIL","2022-11-28","890","890","870","874","-0.23 %","82,399.00","72,458,404.20"
"NABIL","2022-11-27","832","876","832","876","5.42 %","139,753.00","120,321,988.40"
"NABIL","2022-11-24","830","832","820","831","0.78 %","32,640.00","27,006,670.60"
"NABIL","2022-11-23","830","835","822.1","824.6","-0.53 %","22,341.00","18,447,908.30"
"NABIL","2022-11-22","828","840","827.4","829","0.21 %","26,547.00","22,086,869.00"
"NABIL","2022-11-17","821","829","821","827.3","0.95 %","28,777.00","23,798,804.00"
"NABIL","2022-11-16","821","821","814","819.5","0.20 %","20,391.00","16,680,452.90"
"NABIL","2022-11-15","827","827","814","817.9","0.48 %","25,680.00","21,081,840.10"
"NABIL","2022-11-14","815","815","803","814","0.37 %","29,743.00","24,098,711.10"
"NABIL","2022-11-13","816","822","810","811","-0.49 %","29,230.00","23,825,950.50"
"NABIL","2022-11-10","837","837","814","815","-1.03 %","33,090.00","27,097,436.80"
"NABIL","2022-11-09","834","866.5","822.6","823.5","-1.14 %","46,477.00","38,563,935.90"
"NABIL","2022-11-08","827","835","827","833","-0.12 %","20,635.00","17,146,216.60"
"NABIL","2022-11-07","841.5","842","832","834","0.35 %","37,460.00","31,344,999.00"
"NABIL","2022-11-06","830","834","820.1","831.1","0.86 %","46,206.00","38,198,493.00"
"NABIL","2022-11-03","830","835","820.2","824","-0.72 %","35,595.00","29,428,996.90"
"NABIL","2022-11-02","835","844","825","830","-0.60 %","67,918.00","56,617,593.10"
"NABIL","2022-11-01","818","839.6","813","835","2.33 %","71,557.00","59,270,094.90"
"NABIL","2022-10-31","810","819","809","816","0.99 %","46,691.00","38,025,836.70"
"NABIL","2022-10-23","800","809.9","796.5","808","1.44 %","42,040.00","33,880,101.10"
"NABIL","2022-10-20","800","801","791","796.5","-0.25 %","29,921.00","23,788,271.60"
"NABIL","2022-10-19","795","800","790","798.5","0.57 %","30,433.00","24,151,474.70"
"NABIL","2022-10-17","795","799.5","793","794","0.00 %","35,066.00","27,919,215.00"
"NABIL","2022-10-16","796","798","790","794","-0.25 %","33,880.00","26,898,499.30"
"NABIL","2022-10-13","794","804","790","796","0.09 %","42,798.00","34,035,202.60"
"NABIL","2022-10-12","797","797","787.2","794","0.25 %","30,352.00","24,011,652.00"
"NABIL","2022-10-11","800","800","788","792","-0.63 %","39,129.00","31,009,449.40"
"NABIL","2022-10-10","823.1","823.1","793.8","797","-1.24 %","59,995.00","48,220,262.90"
"NABIL","2022-10-09","781.7","808","781.7","807","3.46 %","44,112.00","35,198,429.90"
"NABIL","2022-09-29","777","780","769","780","1.69 %","37,569.00","29,086,776.80"
"NABIL","2022-09-28","777","777","767","767","-0.39 %","34,948.00","26,953,460.10"
"NABIL","2022-09-27","750","776","750","770","2.27 %","34,179.00","26,168,117.60"
"NABIL","2022-09-25","759","759","746","752.9","-0.80 %","57,127.00","42,978,453.00"
"NABIL","2022-09-22","765","770","755","759","-0.41 %","33,966.00","25,868,761.50"
"NABIL","2022-09-21","752","768.2","750","762.1","1.68 %","44,522.00","33,815,448.50"
"NABIL","2022-09-20","765","769","749.2","749.5","-1.90 %","62,804.00","47,365,180.00"
"NABIL","2022-09-18","780","780","762.7","764","-1.04 %","44,695.00","34,359,816.00"
"NABIL","2022-09-16","768","779.9","761","772","-1.15 %","38,993.00","30,055,028.20"
"NABIL","2022-09-15","812","812.8","779","781","-2.25 %","58,510.00","46,108,017.40"
"NABIL","2022-09-14","775","802","774","799","3.77 %","82,172.00","65,169,328.50"
"NABIL","2022-09-13","765","772","751","770","1.99 %","77,706.00","59,489,245.70"
"NABIL","2022-09-12","755","761","748.3","755","-0.53 %","54,259.00","40,754,763.70"
"NABIL","2022-09-11","760","767","755","759","-0.13 %","41,713.00","31,750,970.10"
"NABIL","2022-09-08","764","765","758","760","-0.42 %","44,066.00","33,505,678.60"
"NABIL","2022-09-07","767","771","763","763.2","-0.62 %","33,333.00","25,478,373.20"
"NABIL","2022-09-06","784","784","768","768","-1.04 %","73,282.00","56,685,479.70"
"NABIL","2022-09-05","785","785","775","776.1","-0.49 %","58,697.00","45,655,586.90"
"NABIL","2022-09-04","783","789.9","777","779.9","-0.64 %","80,710.00","63,049,749.00"
"NABIL","2022-09-02","786","790","781","784.9","0.11 %","55,803.00","43,703,308.50"
"NABIL","2022-09-01","790","791","781","784","-0.25 %","42,923.00","33,647,608.80"
"NABIL","2022-08-31","790","798","785.5","786","-0.44 %","35,820.00","28,257,822.30"
"NABIL","2022-08-30","789","795","783","789.5","-0.06 %","56,298.00","44,492,555.80"
"NABIL","2022-08-29","793","798","782","790","-0.44 %","35,660.00","28,140,408.00"
"NABIL","2022-08-28","795","799.9","790","793.5","-0.30 %","55,498.00","44,105,178.90"
"NABIL","2022-08-26","800","802","795","795.9","-0.51 %","19,821.00","15,795,754.00"
"NABIL","2022-08-25","808","809.9","799","800","-0.25 %","40,361.00","32,342,925.80"
"NABIL","2022-08-24","806","810","800","802","0.01 %","38,238.00","30,680,930.80"
"NABIL","2022-08-23","800","803","797","801.9","0.36 %","29,742.00","23,822,859.30"
"NABIL","2022-08-22","805","806","795","799","-0.25 %","46,726.00","37,341,895.70"
"NABIL","2022-08-21","802","815","800","801","-0.12 %","44,730.00","35,936,037.30"
"NABIL","2022-08-18","800","805","795","802","0.94 %","51,320.00","41,131,559.90"
"NABIL","2022-08-17","799","801","793","794.5","-0.56 %","53,622.00","42,665,079.00"
"NABIL","2022-08-16","806.9","808","798","799","-0.05 %","49,399.00","39,610,147.50"
"NABIL","2022-08-15","793","799.4","789","799.4","1.32 %","52,346.00","41,534,539.50"
"NABIL","2022-08-14","800","800","787","789","-0.50 %","56,155.00","44,427,134.00"
"NABIL","2022-08-11","800","804","790","793","0.38 %","56,771.00","45,115,351.60"
"NABIL","2022-08-10","787","796","781","790","0.24 %","82,028.00","64,689,420.10"
"NABIL","2022-08-09","808","808","787.2","788.1","-1.86 %","130,944.00","104,209,985.30"
"NABIL","2022-08-08","820","821","800","803","-1.71 %","134,201.00","108,543,151.30"
"NABIL","2022-08-07","819.7","828","802","817","-0.33 %","156,363.00","127,341,908.00"
"NABIL","2022-08-05","850","850","817","819.7","-3.56 %","171,702.00","141,414,347.60"
"NABIL","2022-08-04","879.2","879.2","850","850","-1.39 %","37,325.00","31,873,397.30"
"NABIL","2022-08-03","880","883","859.1","862","-1.71 %","93,835.00","80,979,081.60"
"NABIL","2022-08-02","881","884","870","877","-0.56 %","27,948.00","24,482,621.90"
"NABIL","2022-08-01","894.9","897.5","880","881.9","0.10 %","47,675.00","42,185,561.80"
"NABIL","2022-07-31","879","882","871","881","1.28 %","52,796.00","46,248,840.90"
"NABIL","2022-07-29","866","880","865","869.9","0.45 %","17,497.00","15,221,344.00"
"NABIL","2022-07-28","880","880","865","866","0.00 %","43,396.00","37,704,226.60"
"NABIL","2022-07-27","866","870","853","866","0.00 %","43,850.00","37,915,630.60"
"NABIL","2022-07-26","895","895","865.5","866","-2.15 %","49,899.00","43,646,056.30"
"NABIL","2022-07-25","870.9","888.8","870","885","2.91 %","53,131.00","46,872,526.10"
"NABIL","2022-07-24","853","866","848","860","2.39 %","41,717.00","35,696,123.10"
"NABIL","2022-07-22","855","855","836","839.9","-1.77 %","26,240.00","22,132,331.70"
"NABIL","2022-07-21","847","859.8","841","855","1.18 %","36,824.00","31,458,068.60"
"NABIL","2022-07-20","847.2","850","836","845","0.84 %","32,488.00","27,422,503.40"
"NABIL","2022-07-19","844.9","845","832","838","0.72 %","48,099.00","40,446,732.50"
"NABIL","2022-07-18","832","837","825","832","0.24 %","29,302.00","24,374,814.00"
"NABIL","2022-07-17","828","835","821","830","0.73 %","28,983.00","24,017,285.00"
"NABIL","2022-07-15","829.9","829.9","817","824","0.86 %","22,065.00","18,088,990.80"
"NABIL","2022-07-14","826","841.2","808.5","817","0.74 %","54,640.00","44,809,250.10"
"NABIL","2022-07-13","800","812","798","811","1.77 %","59,513.00","47,959,378.50"
"NABIL","2022-07-12","796","804.9","787","796.9","0.62 %","42,720.00","34,006,061.50"
"NABIL","2022-07-11","831","831","792","792","-4.12 %","69,864.00","55,898,125.10"
"NABIL","2022-07-08","845","847","825.5","826","-2.25 %","30,318.00","25,208,769.00"
"NABIL","2022-07-07","864","886","844","845","-2.20 %","51,271.00","43,794,878.60"
"NABIL","2022-07-06","885","889","837","864","-0.92 %","58,061.00","49,581,894.40"
"NABIL","2022-07-05","895","900","860.1","872","-2.57 %","50,999.00","45,044,516.30"
"NABIL","2022-07-04","900","916","893.8","895","0.67 %","114,314.00","103,998,073.90"
"NABIL","2022-07-03","856","890","856","889","3.86 %","71,068.00","62,471,477.10"
"NABIL","2022-07-01","850","866","833","856","2.51 %","42,203.00","36,130,112.00"
"NABIL","2022-06-30","800","835","800","835","5.03 %","46,615.00","38,392,058.90"
"NABIL","2022-06-29","780","799","770","795","2.19 %","28,748.00","22,748,918.80"
"NABIL","2022-06-28","794","794","765","778","-0.26 %","35,763.00","27,883,622.40"
"NABIL","2022-06-27","790","810","775","780","0.65 %","89,874.00","71,412,242.10"
"NABIL","2022-06-26","754.8","780","750","775","4.73 %","88,020.00","67,627,858.40"
"NABIL","2022-06-24","749","750","726","740","-1.20 %","32,412.00","23,897,108.60"
"NABIL","2022-06-23","775","777","748","749","-4.22 %","73,119.00","55,369,684.70"
"NABIL","2022-06-22","799","799.9","778","782","-1.26 %","43,206.00","33,966,548.60"
"NABIL","2022-06-21","795","799","783","792","-0.36 %","54,464.00","43,235,927.10"
"NABIL","2022-06-20","814","814","793","794.9","-2.59 %","51,029.00","40,744,255.50"
"NABIL","2022-06-19","817","820.5","814","816","-0.12 %","49,808.00","40,739,382.70"
"NABIL","2022-06-17","835","835","817","817","-0.97 %","16,582.00","13,671,108.40"
"NABIL","2022-06-16","821","833","815","825","0.00 %","30,303.00","25,046,352.80"
"NABIL","2022-06-15","838","838","810","825","-1.61 %","33,494.00","27,480,500.20"
"NABIL","2022-06-14","846","846","834","838.5","-0.89 %","38,169.00","32,013,076.80"
"NABIL","2022-06-13","850","850","844.8","846","-0.25 %","27,758.00","23,514,073.40"
"NABIL","2022-06-10","850","855","840","848.1","0.20 %","26,409.00","22,346,583.10"
"NABIL","2022-06-09","855","864","846","846.4","0.40 %","45,493.00","38,872,733.80"
"NABIL","2022-06-08","828.1","855","828","843","1.38 %","43,083.00","36,218,334.20"
"NABIL","2022-06-07","850","853","830","831.5","-1.71 %","34,581.00","29,046,597.90"
"NABIL","2022-06-06","845","860.5","837.9","846","0.12 %","41,330.00","34,972,889.40"
"NABIL","2022-06-03","855","871.9","843","845","-1.96 %","43,168.00","36,674,425.80"
"NABIL","2022-06-02","883.9","883.9","858","861.9","-0.59 %","36,911.00","31,857,272.40"
"NABIL","2022-06-01","876","883","866","867","-0.91 %","32,984.00","28,718,353.80"
"NABIL","2022-05-31","890","890","865","875","-1.69 %","45,502.00","39,852,803.20"
"NABIL","2022-05-30","900","901","881","890","-0.89 %","44,382.00","39,472,978.50"
"NABIL","2022-05-27","900","900","896","898","-0.07 %","39,790.00","35,739,162.00"
"NABIL","2022-05-26","918","918","897","898.6","-0.16 %","39,717.00","35,742,783.80"
"NABIL","2022-05-25","915","915","898","900","0.32 %","38,263.00","34,485,355.80"
"NABIL","2022-05-24","899","905","897","897.1","-0.21 %","33,616.00","30,238,038.80"
"NABIL","2022-05-23","906","941","898","899","-0.77 %","45,910.00","41,509,265.50"
"NABIL","2022-05-20","901","915","900","906","-0.22 %","25,594.00","23,127,532.00"
"NABIL","2022-05-19","929","929","896","908","-0.66 %","29,333.00","26,676,250.10"
"NABIL","2022-05-18","915","918","905.3","914","0.00 %","24,747.00","22,492,071.40"
"NABIL","2022-05-17","930","935","908","910","-2.15 %","26,873.00","24,558,509.30"
"NABIL","2022-05-12","949.7","951","930","930","-0.32 %","54,739.00","51,490,582.10"
"NABIL","2022-05-11","915","938","915","933","2.56 %","37,027.00","34,410,295.20"
"NABIL","2022-05-10","912","912","897","909.7","1.47 %","40,752.00","36,887,470.30"
"NABIL","2022-05-09","889","907","889","896.5","0.84 %","40,948.00","36,905,688.60"
"NABIL","2022-05-08","900","910","880","889","-1.43 %","46,835.00","41,548,903.60"
"NABIL","2022-05-05","910","915","900","901.9","-0.78 %","50,023.00","45,209,407.90"
"NABIL","2022-05-04","920","925","899","909","-1.20 %","37,775.00","34,250,306.50"
"NABIL","2022-05-02","937.5","937.5","916.5","920","-0.86 %","39,086.00","36,030,960.50"
"NABIL","2022-04-28","934","947","927","928","-0.74 %","43,224.00","40,204,268.00"
"NABIL","2022-04-27","939","944.6","929.2","934.9","-0.32 %","34,974.00","32,648,422.40"
"NABIL","2022-04-26","940.9","947","936","937.9","-0.32 %","27,496.00","25,847,948.60"
"NABIL","2022-04-25","965","980","936","940.9","-1.11 %","54,841.00","51,980,914.60"
"NABIL","2022-04-24","941","951.5","930","951.5","1.76 %","47,975.00","45,117,903.20"
"NABIL","2022-04-21","945","949","918.2","935","-0.53 %","55,028.00","50,937,946.50"
"NABIL","2022-04-20","949","950","936","940","-0.95 %","37,902.00","35,782,830.90"
"NABIL","2022-04-19","950","961","935","949","-0.73 %","66,610.00","63,067,385.00"
"NABIL","2022-04-18","972","977","955","956","-1.54 %","51,642.00","49,626,555.30"
"NABIL","2022-04-17","980","990","970","971","0.00 %","35,787.00","34,917,275.90"
"NABIL","2022-04-13","970","972","953","971","1.15 %","35,450.00","34,129,326.20"
"NABIL","2022-04-12","990","990","958.1","960","-1.13 %","45,151.00","43,408,463.80"
"NABIL","2022-04-11","980","995","970","971","0.21 %","70,697.00","69,287,032.70"
"NABIL","2022-04-07","965.1","976","964","969","0.41 %","76,197.00","73,895,218.30"
"NABIL","2022-04-06","982","990","963","965","-1.93 %","69,199.00","67,001,764.70"
"NABIL","2022-04-05","1000","1000","982","984","-1.30 %","87,147.00","85,999,199.00"
"NABIL","2022-04-04","1000","1002","995","997","0.00 %","56,895.00","56,787,876.60"
"NABIL","2022-04-03","1010.1","1010.1","995","997","-0.50 %","42,507.00","42,413,438.70"
"NABIL","2022-03-31","1015","1019.9","1000","1002","-0.40 %","62,677.00","63,023,552.60"
"NABIL","2022-03-30","995","1006","993","1006","-0.30 %","101,034.00","100,998,632.80"
"NABIL","2022-03-29","1000.1","1030","1000.1","1009","-0.79 %","53,395.00","53,898,812.70"
"NABIL","2022-03-28","1029","1029","1010","1017","-0.29 %","36,394.00","36,969,032.90"
"NABIL","2022-03-27","1055","1055","1017","1020","-1.92 %","37,321.00","38,257,052.80"
"NABIL","2022-03-24","1057","1057","1036","1040","-0.67 %","34,482.00","35,845,312.40"
"NABIL","2022-03-23","1060","1060","1043","1047","-0.29 %","29,498.00","30,904,783.00"
"NABIL","2022-03-22","1060","1065","1048.1","1050","-0.19 %","35,572.00","37,554,211.70"
"NABIL","2022-03-21","1075","1075","1046","1052","-0.75 %","32,178.00","33,802,164.90"
"NABIL","2022-03-20","1080","1080","1055.3","1060","-0.38 %","28,034.00","29,827,949.80"
"NABIL","2022-03-16","1079","1089","1060","1064","-1.39 %","25,272.00","27,019,937.40"
"NABIL","2022-03-15","1100","1100","1075","1079","-1.19 %","44,505.00","48,101,759.80"
"NABIL","2022-03-14","1100","1100.5","1081","1092","1.20 %","23,711.00","25,904,097.40"
"NABIL","2022-03-13","1036","1080","1034","1079","5.99 %","57,510.00","60,721,142.40"
"NABIL","2022-03-10","988.7","1018","988.7","1018","1.00 %","31,958.00","32,299,087.50"
"NABIL","2022-03-09","1011.9","1020","1006","1007.9","-0.40 %","35,691.00","36,048,709.90"
"NABIL","2022-03-07","1010","1012","1000","1011.9","0.90 %","47,036.00","47,341,531.00"
"NABIL","2022-03-06","985.9","1020","985.9","1002.9","-0.31 %","64,365.00","64,436,543.50"
"NABIL","2022-03-02","1040","1048","1000","1006","-3.27 %","74,636.00","75,609,425.50"
"NABIL","2022-02-28","1050","1059","1037","1040","-0.10 %","45,316.00","47,302,325.40"
"NABIL","2022-02-27","1051","1051","1040","1041","-0.95 %","43,253.00","45,196,711.70"
"NABIL","2022-02-24","1065","1067","1048","1051","-1.55 %","72,385.00","76,104,471.70"
"NABIL","2022-02-23","1084","1085","1065","1067.5","-0.28 %","29,641.00","31,684,313.20"
"NABIL","2022-02-22","1080","1080","1069","1070.5","0.33 %","41,743.00","44,701,700.40"
"NABIL","2022-02-21","1070","1073","1063","1067","0.47 %","39,297.00","41,953,268.00"
"NABIL","2022-02-20","1070","1075","1045","1062","-1.58 %","61,489.00","65,233,093.30"
"NABIL","2022-02-17","1081","1094","1070","1079","-0.09 %","34,444.00","37,204,791.40"
"NABIL","2022-02-16","1096","1096","1070.3","1080","0.47 %","46,381.00","50,105,537.10"
"NABIL","2022-02-15","1085","1085","1066.1","1075","1.03 %","53,230.00","57,013,901.40"
"NABIL","2022-02-14","1070","1079","1064","1064","-0.56 %","68,303.00","73,017,839.30"
"NABIL","2022-02-13","1095","1095","1069","1070","-2.47 %","87,909.00","94,341,596.80"
"NABIL","2022-02-10","1101","1101","1095","1097.1","-0.35 %","62,380.00","68,504,631.00"
"NABIL","2022-02-09","1110","1110","1098","1100.9","-0.55 %","59,639.00","65,698,220.80"
"NABIL","2022-02-08","1128","1129","1106","1107","0.00 %","51,383.00","57,126,383.50"
"NABIL","2022-02-07","1112","1112","1106","1109","0.00 %","68,960.00","76,447,346.10"
"NABIL","2022-02-06","1130","1130","1108.5","1109","-1.16 %","71,516.00","79,537,958.10"
"NABIL","2022-02-03","1141.5","1143.5","1121","1122","0.08 %","61,153.00","68,883,392.70"
"NABIL","2022-02-01","1129.9","1129.9","1119.3","1121.1","-0.52 %","54,175.00","60,782,611.90"
"NABIL","2022-01-31","1149","1149","1125","1127","-0.70 %","38,126.00","43,092,491.00"
"NABIL","2022-01-30","1139","1139","1127.1","1135","1.61 %","59,027.00","66,774,823.30"
"NABIL","2022-01-27","1121","1130","1115","1117","-0.36 %","56,308.00","63,080,144.60"
"NABIL","2022-01-26","1129","1134.9","1115","1121","-0.72 %","61,217.00","68,718,459.20"
"NABIL","2022-01-25","1135","1145","1110","1129.1","0.19 %","52,041.00","58,784,959.50"
"NABIL","2022-01-24","1165","1165","1125","1127","-2.93 %","96,165.00","109,300,301.10"
"NABIL","2022-01-23","1178","1178","1155","1161","-1.44 %","79,765.00","92,763,156.90"
"NABIL","2022-01-20","1182","1182","1160","1178","0.08 %","47,782.00","56,086,709.10"
"NABIL","2022-01-19","1213","1213","1170.1","1177","-1.09 %","73,385.00","86,938,565.30"
"NABIL","2022-01-18","1180","1209","1180","1190","0.94 %","116,223.00","139,206,459.50"
"NABIL","2022-01-17","1162","1179","1140","1178.9","3.41 %","113,189.00","131,409,910.20"
"NABIL","2022-01-16","1120","1147","1110","1140","2.70 %","176,667.00","200,255,532.50"
"NABIL","2022-01-13","1110","1112","1104","1110","0.27 %","92,618.00","102,712,292.80"
"NABIL","2022-01-12","1120","1120","1107","1107","-0.70 %","105,760.00","117,881,455.50"
"NABIL","2022-01-11","1112","1117","1105.5","1114.8","0.31 %","102,845.00","114,259,483.80"
"NABIL","2022-01-10","1113","1119.9","1106.1","1111.3","-0.15 %","120,640.00","134,198,561.80"
"NABIL","2022-01-09","1120","1129","1110","1113","-0.09 %","126,780.00","141,472,657.40"
"NABIL","2022-01-06","1111","1123","1099.6","1114","0.19 %","67,780.00","75,380,074.60"
"NABIL","2022-01-05","1122","1138","1110","1111.9","-0.63 %","75,462.00","84,317,711.80"
"NABIL","2022-01-04","1137","1139","1117.2","1119","-1.58 %","116,739.00","130,969,035.90"
"NABIL","2022-01-03","1150","1160","1137","1137","-0.61 %","130,041.00","149,363,282.60"
"NABIL","2022-01-02","1107","1151.5","1086","1144","5.41 %","263,845.00","297,049,298.90"
"NABIL","2021-12-29","1499","1500","1450","1450","-2.03 %","326,139.00","477,182,107.70"
"NABIL","2021-12-28","1500","1500","1479.2","1480","-1.27 %","170,269.00","253,737,724.20"
"NABIL","2021-12-27","1549","1550","1485","1499","-1.64 %","201,767.00","306,099,202.30"
"NABIL","2021-12-26","1514.7","1570.8","1506","1524","2.63 %","209,837.00","320,749,736.30"
"NABIL","2021-12-23","1494","1499","1471","1485","0.00 %","51,892.00","77,043,373.00"
"NABIL","2021-12-22","1460","1492","1455","1485","2.24 %","79,765.00","117,845,624.30"
"NABIL","2021-12-21","1423","1452.5","1423","1452.5","2.29 %","98,889.00","141,804,026.80"
"NABIL","2021-12-20","1439.9","1439.9","1412","1420","-0.70 %","58,668.00","83,678,127.80"
"NABIL","2021-12-16","1450","1460","1421","1430","-1.38 %","43,538.00","62,466,671.30"
"NABIL","2021-12-15","1460","1500","1412","1450","-0.68 %","90,423.00","132,920,768.80"
"NABIL","2021-12-14","1393","1460","1380","1460","6.87 %","64,277.00","90,803,695.90"
"NABIL","2021-12-13","1421","1421","1364","1366.1","-3.86 %","130,695.00","180,359,302.00"
"NABIL","2021-12-12","1453","1465","1420.5","1421","-2.20 %","80,982.00","115,900,522.00"
"NABIL","2021-12-09","1456","1459","1434","1452.9","-0.27 %","56,323.00","81,404,391.50"
"NABIL","2021-12-08","1475","1480","1450","1456.8","-1.23 %","47,379.00","69,263,114.60"
"NABIL","2021-12-07","1513.9","1514","1475","1475","-0.67 %","60,813.00","90,741,486.90"
"NABIL","2021-12-06","1445","1495","1415","1485","0.75 %","118,177.00","171,593,128.00"
"NABIL","2021-12-05","1514","1514","1471","1474","-2.51 %","108,142.00","160,550,423.80"
"NABIL","2021-12-02","1524.2","1530","1509","1512","-0.80 %","60,311.00","91,588,100.70"
"NABIL","2021-12-01","1535.3","1535.3","1523","1524.2","0.21 %","36,610.00","55,861,135.00"
"NABIL","2021-11-30","1535","1535","1518.7","1521","-0.33 %","52,965.00","80,607,814.90"
"NABIL","2021-11-29","1523","1530","1508","1526","0.20 %","60,022.00","91,499,906.80"
"NABIL","2021-11-28","1538","1538","1520","1523","-0.98 %","85,621.00","130,596,179.50"
"NABIL","2021-11-25","1547","1550","1535","1538","-0.45 %","64,950.00","100,167,376.70"
"NABIL","2021-11-24","1545","1550","1527","1545","0.52 %","54,975.00","84,660,876.90"
"NABIL","2021-11-23","1550","1550","1532","1537","-0.58 %","62,286.00","95,971,223.50"
"NABIL","2021-11-22","1544","1554.9","1540","1546","0.13 %","80,745.00","124,845,767.50"
"NABIL","2021-11-21","1560","1565","1538","1544","-0.19 %","75,509.00","116,771,963.40"
"NABIL","2021-11-18","1587.1","1587.1","1546","1547","-0.58 %","89,460.00","138,623,591.70"
"NABIL","2021-11-17","1570","1570","1548","1556","-0.19 %","99,187.00","154,429,470.80"
"NABIL","2021-11-16","1550","1565","1546.1","1559","1.23 %","74,044.00","115,229,721.70"
"NABIL","2021-11-15","1552","1576","1540","1540","-0.52 %","104,146.00","161,517,790.60"
"NABIL","2021-11-14","1570","1575","1540","1548","-0.13 %","107,590.00","166,765,368.90"
"NABIL","2021-11-11","1579","1580","1540","1550","-1.84 %","199,932.00","310,857,416.40"
"NABIL","2021-11-09","1614.7","1614.7","1570","1579","-2.21 %","188,332.00","298,281,752.50"
"NABIL","2021-11-08","1660","1660","1605","1614.7","-2.32 %","186,984.00","303,329,062.30"
"NABIL","2021-11-03","1640.1","1740","1640.1","1653","2.80 %","705,430.00","1,179,786,179.70"
"NABIL","2021-11-02","1650","1650","1594","1608","-0.74 %","131,659.00","211,786,540.60"
"NABIL","2021-11-01","1580","1620","1551","1620","2.53 %","215,086.00","340,099,480.30"
"NABIL","2021-10-31","1600","1629.9","1573","1580","-1.13 %","176,045.00","280,317,853.10"
"NABIL","2021-10-28","1610","1619","1595","1598","-0.50 %","141,749.00","227,514,050.70"
"NABIL","2021-10-27","1569","1620","1559","1606","2.36 %","270,557.00","431,931,533.00"
"NABIL","2021-10-26","1505.5","1578","1498","1569","4.81 %","225,327.00","347,877,019.50"
"NABIL","2021-10-25","1500.3","1500.3","1470.3","1497","1.77 %","78,485.00","116,525,820.80"
"NABIL","2021-10-24","1472","1479","1462","1470.9","-0.01 %","54,884.00","80,712,397.30"
"NABIL","2021-10-21","1460","1480","1447","1471","0.75 %","65,682.00","96,418,376.70"
"NABIL","2021-10-20","1459.6","1479","1430","1460","2.03 %","65,244.00","94,805,048.20"
"NABIL","2021-10-19","1445","1450","1420.1","1431","-2.52 %","77,881.00","111,382,423.00"
"NABIL","2021-10-18","1482","1482","1448","1468","-0.94 %","67,707.00","98,998,518.30"
"NABIL","2021-10-17","1479","1507","1465","1482","2.21 %","56,389.00","83,267,214.70"
"NABIL","2021-10-11","1503","1503","1439.9","1450","-1.63 %","118,043.00","171,385,318.30"
"NABIL","2021-10-10","1462.6","1500","1462.6","1474","2.01 %","77,855.00","114,755,872.10"
"NABIL","2021-10-06","1410","1453","1410","1444.9","2.48 %","57,353.00","82,656,811.90"
"NABIL","2021-10-05","1410","1410","1394","1410","0.93 %","44,358.00","62,216,475.80"
"NABIL","2021-10-04","1392","1407","1370","1397","0.14 %","60,200.00","83,897,360.60"
"NABIL","2021-10-03","1429.9","1429.9","1393","1395","-0.85 %","55,819.00","78,068,846.30"
"NABIL","2021-09-30","1413","1419","1401","1407","-0.07 %","47,037.00","66,324,708.40"
"NABIL","2021-09-29","1420","1420","1379","1408","0.93 %","58,596.00","81,901,279.30"
"NABIL","2021-09-28","1415","1415","1380","1395","-1.41 %","86,659.00","120,745,318.60"
"NABIL","2021-09-27","1435","1435","1403","1415","-1.12 %","47,830.00","67,613,766.60"
"NABIL","2021-09-26","1450","1465","1427","1431","-0.49 %","116,113.00","167,255,276.40"
"NABIL","2021-09-23","1441.1","1455","1430","1438","0.95 %","136,670.00","197,580,382.70"
"NABIL","2021-09-22","1415","1425","1400","1424.4","2.55 %","79,284.00","111,996,296.90"
"NABIL","2021-09-21","1393","1415","1345","1389","-0.29 %","148,677.00","205,606,794.60"
"NABIL","2021-09-20","1432","1440","1380","1393","-2.21 %","132,043.00","184,440,763.70"
"NABIL","2021-09-16","1430","1440","1408","1424.5","-1.42 %","108,701.00","154,238,803.70"
"NABIL","2021-09-15","1470","1470","1440","1445","-0.55 %","37,192.00","53,826,948.50"
"NABIL","2021-09-14","1473","1473","1445","1453","-0.14 %","46,726.00","68,300,810.80"
"NABIL","2021-09-13","1468.8","1482","1440","1455","1.04 %","210,616.00","307,356,782.30"
"NABIL","2021-09-12","1415","1447","1410","1440","2.13 %","75,225.00","107,395,777.50"
"NABIL","2021-09-09","1410","1420","1410","1410","-0.35 %","70,348.00","99,403,841.10"
"NABIL","2021-09-08","1429.9","1430","1404","1415","-1.04 %","59,583.00","84,171,412.70"
"NABIL","2021-09-07","1455","1470","1419","1429.9","-0.84 %","79,191.00","113,607,001.30"
"NABIL","2021-09-06","1390","1445","1380","1442","3.89 %","134,284.00","190,642,503.80"
"NABIL","2021-09-05","1420","1420","1372","1388","-2.12 %","177,307.00","246,544,579.60"
"NABIL","2021-09-02","1420.5","1440","1414","1418","-0.14 %","105,395.00","149,553,931.00"
"NABIL","2021-09-01","1435","1446","1408","1420","0.07 %","124,665.00","177,400,692.50"
"NABIL","2021-08-31","1433","1433","1402","1419","-0.98 %","126,285.00","178,799,141.50"
"NABIL","2021-08-29","1430","1469","1413","1433","-1.17 %","183,055.00","261,950,499.90"
"NABIL","2021-08-26","1460","1480.1","1441","1450","-0.62 %","159,476.00","231,477,148.40"
"NABIL","2021-08-25","1479","1479","1448","1459","-1.22 %","120,921.00","177,104,133.20"
"NABIL","2021-08-24","1499","1499","1477","1477","-0.87 %","108,363.00","161,112,074.20"
"NABIL","2021-08-19","1500","1501","1485","1490","-0.33 %","106,885.00","159,258,650.00"
"NABIL","2021-08-18","1500","1505","1485","1495","0.00 %","119,338.00","178,292,864.90"
"NABIL","2021-08-17","1518","1518","1489","1495","-0.82 %","216,309.00","323,314,223.90"
"NABIL","2021-08-16","1535","1560","1499","1507.4","0.16 %","201,928.00","305,915,871.20"
"NABIL","2021-08-15","1520","1525","1475","1505","-0.92 %","247,612.00","370,339,186.20"
"NABIL","2021-08-12","1514","1530","1488.7","1519","0.33 %","61,561.00","93,543,858.30"
"NABIL","2021-08-11","1520","1540","1512.2","1514","0.13 %","76,570.00","116,269,022.20"
"NABIL","2021-08-10","1496","1522","1490","1512","1.20 %","131,079.00","196,887,045.20"
"NABIL","2021-08-09","1499","1499","1490","1494","0.00 %","51,624.00","77,117,556.50"
"NABIL","2021-08-08","1489","1503","1488","1494","0.40 %","88,896.00","133,104,939.20"
"NABIL","2021-08-05","1490","1499","1482.1","1488","-0.06 %","54,477.00","81,228,029.60"
"NABIL","2021-08-04","1500","1500","1488","1488.9","-0.07 %","63,649.00","94,925,942.00"
"NABIL","2021-08-03","1500","1500","1485","1490","0.20 %","58,914.00","87,808,503.20"
"NABIL","2021-08-02","1480","1495","1479.5","1487","0.47 %","59,355.00","88,284,171.60"
"NABIL","2021-08-01","1494","1494","1466.5","1480","0.20 %","75,284.00","111,059,023.50"
"NABIL","2021-07-29","1482","1490","1475.1","1477","-0.34 %","80,443.00","119,118,020.10"
"NABIL","2021-07-28","1500","1500","1480","1482","-0.47 %","84,254.00","124,971,911.00"
"NABIL","2021-07-27","1462.2","1500","1433","1489","-0.20 %","211,397.00","311,473,478.60"
"NABIL","2021-07-26","1500","1515","1480","1492","-0.50 %","196,175.00","292,600,573.20"
"NABIL","2021-07-25","1488","1500","1470","1499.5","2.78 %","171,727.00","255,687,925.00"
"NABIL","2021-07-22","1454","1463","1449","1459","0.34 %","147,151.00","214,167,352.90"
"NABIL","2021-07-20","1480","1490","1430","1454","0.21 %","113,294.00","164,729,476.00"
"NABIL","2021-07-19","1468","1493","1450","1451","0.76 %","226,566.00","331,812,409.30"
"NABIL","2021-07-18","1368","1440","1368","1440","5.96 %","272,476.00","386,311,435.30"
"NABIL","2021-07-15","1350","1361","1349","1359","0.74 %","87,922.00","119,073,636.00"
"NABIL","2021-07-14","1350","1358","1330","1349","0.15 %","101,853.00","136,516,206.00"
"NABIL","2021-07-13","1275","1355","1275","1347","0.67 %","136,946.00","183,090,696.00"
"NABIL","2021-07-12","1400","1400","1324","1338","-0.52 %","162,964.00","219,177,109.00"
"NABIL","2021-07-11","1317","1353","1317","1345","2.13 %","192,294.00","258,182,140.00"
"NABIL","2021-07-08","1350","1350","1297","1317","1.39 %","90,493.00","118,662,235.00"
"NABIL","2021-07-07","1309","1309","1297","1299","-0.15 %","66,773.00","86,839,404.00"
"NABIL","2021-07-06","1261","1303","1261","1301","0.31 %","68,703.00","89,282,718.00"
"NABIL","2021-07-05","1360","1360","1295","1297","-0.08 %","46,953.00","60,941,322.00"
"NABIL","2021-07-04","1300","1305","1296","1298","0.08 %","47,249.00","61,392,472.00"
"NABIL","2021-07-01","1296","1305","1293","1297","0.08 %","41,519.00","53,880,150.00"
"NABIL","2021-06-30","1232","1315","1232","1296","0.00 %","69,882.00","90,201,925.00"
"NABIL","2021-06-29","1310","1310","1295","1296","-0.46 %","62,112.00","80,669,385.00"
"NABIL","2021-06-28","1334","1334","1297","1302","0.31 %","66,695.00","87,085,191.00"
"NABIL","2021-06-27","1250","1306","1250","1298","0.93 %","81,126.00","104,898,933.00"
"NABIL","2021-06-24","1300","1300","1280","1286","-0.39 %","80,446.00","103,395,471.00"
"NABIL","2021-06-23","1362","1362","1288","1291","-0.54 %","94,681.00","122,580,938.00"
"NABIL","2021-06-22","1285","1300","1280","1298","1.01 %","106,023.00","136,905,125.00"
"NABIL","2021-06-21","1300","1304","1284","1285","-0.93 %","129,080.00","166,378,689.00"
"NABIL","2021-06-20","1312","1312","1290","1297","-0.92 %","117,221.00","152,289,144.00"
"NABIL","2021-06-17","1308","1315","1300","1309","0.08 %","92,288.00","120,626,628.00"
"NABIL","2021-06-16","1312","1340","1303","1308","-0.30 %","94,402.00","124,161,732.00"
"NABIL","2021-06-15","1374","1374","1295","1312","0.23 %","110,411.00","145,074,489.00"
"NABIL","2021-06-14","1304","1330","1301","1309","0.38 %","176,408.00","231,095,878.00"
"NABIL","2021-06-13","1305","1312","1300","1304","0.00 %","-","185,765,969.00"
"NABIL","2021-06-10","1326","1326","1299","1304","-0.46 %","-","172,770,018.00"
"NABIL","2021-06-09","1380","1380","1289","1310","-0.00 %","-","195,552,154.00"
"NABIL","2021-06-08","1307","1321","1307","1315","-0.08 %","-","158,473,396.00"
"NABIL","2021-06-07","1350","1350","1308","1316","-1.05 %","-","195,221,413.00"
"NABIL","2021-06-06","1374","1374","1320","1330","1.60 %","-","257,492,740.00"
"NABIL","2021-06-03","1255","1321","1255","1309","1.24 %","175,139.00","229,256,951.00"
"NABIL","2021-06-02","1356","1356","1265","1293","0.08 %","60,397.00","78,093,321.00"
"NABIL","2021-06-01","1285","1295","1265","1292","0.54 %","110,156.00","142,321,552.00"
"NABIL","2021-05-31","1300","1312","1282","1285","-1.15 %","123,090.00","158,170,650.00"
"NABIL","2021-05-30","1294","1316","1294","1300","0.46 %","90,621.00","117,807,300.00"
"NABIL","2021-05-27","1300","1302","1282","1294","-0.92 %","108,286.00","140,122,084.00"
"NABIL","2021-05-25","1286","1329","1286","1306","-1.06 %","85,759.00","112,001,254.00"
"NABIL","2021-05-24","1377","1377","1310","1320","0.61 %","127,131.00","167,812,920.00"
"NABIL","2021-05-23","1275","1313","1275","1312","0.92 %","-","140,756,608.00"
"NABIL","2021-05-20","1340","1340","1282","1300","-0.15 %","-","85,029,100.00"
"NABIL","2021-05-19","1373","1373","1290","1302","-0.46 %","-","135,090,312.00"
"NABIL","2021-05-18","1373","1373","1304","1308","0.00 %","-","95,567,712.00"
"NABIL","2021-05-17","1299","1320","1299","1308","1.55 %","-","135,674,916.00"
"NABIL","2021-05-16","1265","1300","1265","1288","1.66 %","-","213,444,784.00"
"NABIL","2021-05-13","1270","1270","1260","1267","0.40 %","-","96,602,415.00"
"NABIL","2021-05-12","1265","1275","1259","1262","-0.24 %","-","119,161,826.00"
"NABIL","2021-05-11","1256","1274","1256","1265","0.40 %","-","120,686,060.00"
"NABIL","2021-05-10","1264","1273","1255","1260","0.08 %","-","84,980,700.00"
"NABIL","2021-05-09","1265","1274","1250","1259","-0.47 %","-","118,781,614.00"
"NABIL","2021-05-06","1273","1273","1260","1265","-0.08 %","-","76,528,705.00"
"NABIL","2021-05-05","1290","1290","1265","1266","-0.63 %","-","85,370,178.00"
"NABIL","2021-05-04","1299","1299","1271","1274","-0.78 %","-","102,165,882.00"
"NABIL","2021-05-03","1300","1304","1275","1284","0.71 %","-","150,626,040.00"
"NABIL","2021-05-02","1295","1295","1265","1275","0.39 %","-","119,297,925.00"
"NABIL","2021-04-29","1266","1275","1257","1270","0.47 %","-","96,290,130.00"
"NABIL","2021-04-28","1249","1300","1249","1264","-1.10 %","-","106,698,032.00"
"NABIL","2021-04-27","1231","1280","1231","1279","3.90 %","-","94,213,379.00"
"NABIL","2021-04-26","1250","1281","1230","1235","-2.76 %","-","195,335,290.00"
"NABIL","2021-04-25","1361","1361","1255","1270","-2.16 %","-","209,782,404.00"
"NABIL","2021-04-22","1295","1307","1280","1298","0.23 %","-","162,253,957.00"
"NABIL","2021-04-21","1380","1380","1290","1294","-1.60 %","-","142,693,430.00"
"NABIL","2021-04-20","1318","1344","1305","1315","-0.23 %","-","158,259,673.00"
"NABIL","2021-04-19","1345","1345","1310","1318","-1.27 %","-","187,822,369.00"
"NABIL","2021-04-18","1370","1370","1330","1335","-2.55 %","-","233,421,412.00"
"NABIL","2021-04-15","1449","1449","1350","1370","-0.72 %","-","231,567,321.00"
"NABIL","2021-04-13","1281","1381","1281","1380","2.37 %","-","286,260,911.00"
"NABIL","2021-04-12","1336","1360","1320","1348","1.35 %","-","245,356,960.00"
"NABIL","2021-04-08","1325","1339","1316","1330","0.99 %","-","181,750,977.00"
"NABIL","2021-04-07","1310","1334","1310","1317","0.46 %","-","137,623,421.00"
"NABIL","2021-04-06","1314","1324","1300","1311","-0.30 %","-","135,377,970.00"
"NABIL","2021-04-05","1315","1332","1303","1315","-0.08 %","-","155,639,619.00"
"NABIL","2021-04-04","1347","1347","1293","1316","2.57 %","-","245,776,041.00"
"NABIL","2021-04-01","1294","1318","1280","1283","-0.85 %","-","139,743,752.00"
"NABIL","2021-03-31","1239","1305","1238","1294","4.69 %","-","240,742,418.00"
"NABIL","2021-03-30","1232","1240","1230","1236","0.32 %","-","119,822,089.00"
"NABIL","2021-03-29","1227","1243","1227","1232","0.41 %","-","63,360,330.00"
"NABIL","2021-03-25","1246","1255","1221","1227","-0.97 %","-","70,500,989.00"
"NABIL","2021-03-24","1250","1257","1230","1239","0.41 %","-","66,150,663.00"
"NABIL","2021-03-23","1245","1245","1229","1234","-0.80 %","-","68,151,765.00"
"NABIL","2021-03-22","1271","1295","1238","1244","-1.19 %","-","117,311,727.00"
"NABIL","2021-03-21","1250","1274","1250","1260","1.37 %","-","139,029,645.00"
"NABIL","2021-03-18","1279","1279","1215","1243","1.97 %","-","112,446,031.00"
"NABIL","2021-03-17","1215","1224","1200","1219","0.99 %","-","116,825,960.00"
"NABIL","2021-03-16","1145","1225","1145","1207","0.17 %","-","138,953,085.00"
"NABIL","2021-03-15","1208","1226","1190","1205","-0.82 %","-","197,101,378.00"
"NABIL","2021-03-14","1250","1250","1205","1215","-3.19 %","-","206,687,037.00"
"NABIL","2021-03-10","1338","1338","1252","1255","-1.57 %","-","87,492,191.00"
"NABIL","2021-03-09","1300","1300","1264","1275","-0.78 %","-","103,952,129.00"
"NABIL","2021-03-08","1300","1305","1271","1285","-1.15 %","-","86,069,365.00"
"NABIL","2021-03-04","1268","1314","1260","1300","4.50 %","-","201,718,889.00"